rating,rank,cover_url,is_playable,id,types,regions,title,url,release_date,actor_count,vote_count,score,actors,is_watched
5.1 25,2643,https://img3.doubanio.com/view/photo/s_ratio_poster/public/p1213606032.jpg,True,1793916,动作 喜剧 犯罪 爱情 运动,美国,愤怒乒乓球,https://movie.douban.com/subject/1793916/,2007-08-29,30,2333,5.1,布雷特·德尔布罗诺 李美琪 克里斯托弗·沃肯 Justin Bethancourt Art Hsu 凯西·史 达里尔·陈 吉姆·兰普利 马瑟·泽科尔 史蒂夫·李特 大卫·科恩查内 伊莱纳·沃罗尼纳 吴汉章 丹·福勒 托马斯·列农 泰瑞·克鲁斯 丘增 戴德里克·巴德 帕顿·奥斯瓦尔特 李截 罗伯特·帕特里克 田川洋行 珍妮·罗伯特森 布兰顿·莫拉勒 托比·哈斯 Heather DeLoach 爱莎·泰勒 大卫·普罗瓦尔 乔治·洛佩兹 凯瑞·肯妮,False
5.1 25,2644,https://img1.doubanio.com/view/photo/s_ratio_poster/public/p2154877198.jpg,False,4236191,剧情 动作,中国香港,葬礼上的角斗,https://movie.douban.com/subject/4236191/,2007-10-26,7,2140,5.1,惠天赐 董玮 陈小春 林家栋 谭耀文 黄榕 陈振华,False
5.1 25,2645,https://img1.doubanio.com/view/photo/s_ratio_poster/public/p2239275198.jpg,True,1972713,动作 冒险 剧情,德国 加拿大,孤岛惊魂,https://movie.douban.com/subject/1972713/,2008-10-02,24,1854,5.1,蒂尔·施威格 埃曼妞·沃吉亚 娜塔莉·爱娃隆 乌多·基尔 杰夫·古斯塔夫森 泰伦·莱斯托 拉尔夫·莫勒 Scott Cooper Thomas Hanley Craig Skistimas Michael Cook 安东尼·鲍代恩 Michael Robinson 基马尼·雷·史密斯 艾伦·坡尔 迈克尔·帕尔 迈克尔·本耶尔 杰伊·布拉泽奥 麦克·多普德 凯利·格泽尔 艾德里安·霍姆斯 D.哈尔兰·库特沙尔 唐·戴维斯 Gareth Von Kallenbach,False
5.1 25,2646,https://img3.doubanio.com/view/photo/s_ratio_poster/public/p1086776583.jpg,False,3804708,动作 冒险 剧情,澳大利亚 美国,明日，战争爆发时,https://movie.douban.com/subject/3804708/,2010-09-02,8,1807,5.1,蕾切儿·哈伍德 菲比·汤金 凯特琳·斯塔西 林肯·刘易斯 山口英胜 阿什莉·卡明斯 Andy Minh Trieu 马修·戴尔,False
5.1 25,2647,https://img3.doubanio.com/view/photo/s_ratio_poster/public/p2457594461.jpg,False,3072127,动作 犯罪 剧情 惊悚,墨西哥 美国,国境边界,https://movie.douban.com/subject/3072127/,2008-11-05,22,1770,5.1,乔·莫顿 瓦勒里·克鲁斯 杰森·康纳利 布鲁斯·戴维森 Antonio Munoz Kerry Song A.J. Castro Mario Loya 安迪·加西亚 Kahlil Joseph Naureen Zaim 乔尔迪·维拉斯索 埃塞·莫拉雷斯 雷·利奥塔 阿曼德·阿山特 麦克·狄罗伦佐 丹尼·特雷霍 盖瑞·丹尼尔斯 多米尼克·加西亚-洛里多 华金·加里多 凯文·盖奇 乔纳森·弗垃泽,False
5.1 25,2648,https://img1.doubanio.com/view/photo/s_ratio_poster/public/p2514149467.jpg,False,2212176,动作 喜剧 恐怖 科幻,美国,害虫横行,https://movie.douban.com/subject/2212176/,2009-02-05,10,1682,5.1,凯尔·兰金 琳达·朴 雷·怀斯 Efram Potelle VJ Kewl 克里斯·马奎特 布鲁克·尼文 阿塔纳斯·斯雷布雷夫 伊斯梅尔·伊斯特·卡尔罗 狄波拉·盖夫娜,False
5.1 25,2649,https://img3.doubanio.com/view/photo/s_ratio_poster/public/p2238947072.jpg,True,25868191,喜剧 动作 恐怖,日本,极道大战争,https://movie.douban.com/subject/25868191/,2015-06-20,12,1681,5.1,市原隼人 雅彦·鲁伊安 成海璃子 中川雅也 青柳翔 高岛礼子 涩川清彦 优希美青 泷正则 绪方义博 三津谷叶子 樱井由纪,False
5.1 25,2650,https://img1.doubanio.com/view/photo/s_ratio_poster/public/p2101444739.jpg,True,10801417,动作 犯罪,美国 保加利亚,逃脱,https://movie.douban.com/subject/10801417/,2013-08-30,6,1507,5.1,伊桑·霍克 赛琳娜·戈麦斯 强·沃特 保罗·弗里曼 丽贝卡·巴迪哥 布鲁斯·佩恩,False
5.1 25,2651,https://img1.doubanio.com/view/photo/s_ratio_poster/public/p2530527757.jpg,False,27045854,喜剧 动作 恐怖,英国,屠宰场准则,https://movie.douban.com/subject/27045854/,2018-10-31,17,1311,5.1,阿萨·巴特菲尔德 芬恩·科尔 赫敏·科菲尔德 麦克·辛 西蒙·佩吉 尼克·弗罗斯特 杰米·布莱克利 加萨·阿鲁瓦利亚 汤姆·里斯哈里斯 乔·哈特利 伊莎贝拉·拉夫兰德 哈娜可·福特曼 贝恩·科拉科 何梦琪 山姆·雷德兰 玛格特·罗比 基特·康纳,False
5.1 25,2652,https://img3.doubanio.com/view/photo/s_ratio_poster/public/p2247516930.jpg,True,2049721,动作 喜剧,泰国,拳霸3之火云盗,https://movie.douban.com/subject/2049721/,2006-12-21,1,1126,5.1,丹楚朋,False
5.1 25,2653,https://img9.doubanio.com/view/photo/s_ratio_poster/public/p1981980875.jpg,False,24695575,动作,美国,12回合2：重装上阵,https://movie.douban.com/subject/24695575/,2013-06-04,5,1120,5.1,汤姆·斯蒂文斯 兰迪·奥尔顿 塞巴斯蒂安·斯宾赛 肖恩·罗格森 帕特里克·吉尔莫,False
5.1 25,2654,https://img1.doubanio.com/view/photo/s_ratio_poster/public/p2457223149.jpg,False,23212708,动作 惊悚,美国 西班牙 德国,杀手的祷告,https://movie.douban.com/subject/23212708/,2017-05-10,16,1115,5.1,萨姆·沃辛顿 奥德娅·拉什 艾伦·里奇 马丁·康普斯顿 薇洛妮卡·恩切圭 艾米·兰德克 卡蒂亚·博科尔 迪恩·S·贾格尔 萨米拉·罗克 山姆·库林沃思 克劳迪娅·特鲁希略 玛丽亚·李·梅耶丁汉姆 埃琳娜·桑兹 詹姆斯·科斯塔斯 理查德·道格拉斯 马特罗·鲁菲诺,False
5.1 25,2655,https://img3.doubanio.com/view/photo/s_ratio_poster/public/p2516341102.jpg,False,1983590,动作 剧情 奇幻 恐怖 科幻,新西兰 英国,完美生物,https://movie.douban.com/subject/1983590/,2006-04-24,17,1023,5.1,萨弗蓉·布罗斯 斯科特·威尔斯 Katrina Browne 丹妮尔·考麦克 多格雷·斯科特 里奥·格雷高里 伊恩·穆内 约翰·萨莫尔 格伦·德雷克 Alison Bruce Jon Brazier Cit Harris Lauren Jackson 艾伦·墨菲 彼得·麦考利 史蒂芬·乌瑞 斯图亚特·维尔森,False
5.0 25,2656,https://img9.doubanio.com/view/photo/s_ratio_poster/public/p2509643816.jpg,True,26575103,喜剧 动作 奇幻 古装,中国大陆 中国香港,捉妖记2,https://movie.douban.com/subject/26575103/,2018-02-16,33,291602,5.0,梁朝伟 白百何 井柏然 李宇春 杨祐宁 大鹏 吴君如 曾志伟 黄磊 柳岩 吴莫愁 伍嘉成 赵磊 谷嘉诚 彭楚粤 陈泽希 郭子凡 肖战 焉栩嘉 夏之光 姜超 娄艺潇 张俪 高赫一 巩承琪 谭广沙 于谷鸣 辛雨锡 蔡瀚亿 陈嘉佳 周柏豪  颜卓灵 彭梓洋,False
5.0 25,2657,https://img1.doubanio.com/view/photo/s_ratio_poster/public/p2412371389.jpg,True,26182910,喜剧 动作 冒险,中国大陆 印度,功夫瑜伽,https://movie.douban.com/subject/26182910/,2017-01-28,18,149997,5.0,成龙 李治廷 张艺兴 索努·苏德 母其弥雅 迪莎·帕塔尼 艾米拉·达斯特 尚语贤 姜雯 张国立 达伦·格罗夫纳 安得路 马修·雷·鲁格斯 高明 周小斌 莉娅·森 阿米达普·巴强 曾志伟,False
5.0 25,2658,https://img1.doubanio.com/view/photo/s_ratio_poster/public/p2499163778.jpg,True,26753020,剧情 动作 战争,中国大陆,空天猎,https://movie.douban.com/subject/26753020/,2017-09-29,16,59194,5.0,李晨 范冰冰 王千源 李佳航 赵达 李晨浩 郭洺宇 叶浏 陆思宇 托马尔·奥兹 吴秀波 邓超 王学圻 韩龙瑄 安得路 张诣文含,False
5.0 25,2659,https://img3.doubanio.com/view/photo/s_ratio_poster/public/p2537399580.jpg,True,25917789,动作 科幻 惊悚 冒险,美国 加拿大,铁血战士,https://movie.douban.com/subject/25917789/,2018-10-26,31,45428,5.0,波伊德·霍布鲁克 崔凡特·罗兹 雅各布·特伦布莱 科甘-迈克尔·凯 奥立薇娅·玛恩 斯特林·K·布朗 托马斯·简 阿尔菲·艾伦 奥古斯托·阿吉莱拉 杰克·布塞 伊冯娜·斯特拉霍夫斯基 布赖恩·A·普林斯 麦克·多普德 尼尔迈特 加里·切克 艾米·阿内克 弗雷泽·艾奇逊 简·波斯 洛奇林·莫罗 叶芳华 里斯·威廉姆斯 萨奇·布洛克勒班克 肖恩·O.罗伯茨 柯林·科里根 帕特里克·萨邦圭 弗雷泽·科比特 阿隆·克拉文 安德鲁·詹金斯 爱德华·詹姆斯·奥莫斯 杰·哈科特 史蒂夫·怀尔德,False
5.0 25,2660,https://img3.doubanio.com/view/photo/s_ratio_poster/public/p2535191502.jpg,True,27069427,动作 犯罪,中国大陆,黄金兄弟,https://movie.douban.com/subject/27069427/,2018-09-21,35,44378,5.0,郑伊健 陈小春 谢天华 钱嘉乐 林晓峰 曾志伟 佘诗曼 雅玫 吴永伦 仓田保昭 岑珈其 周比利 杨恭如 马铁摩 蒋中炜 纪焕博 Semiquaver Iafeta 刘伟强 莱安德罗·梅厄·马丁内斯 李宗彥 黄伟辉 弗雷德里克·叶德斯特罗姆 大卫·约翰逊·伍德 魏允熙 王杰 大卫·托罗克 亚历克斯·皮希汀 Tsogtsaikan Narantsogt 比约恩·弗赖贝格 保罗·菲利普·克拉克 Csaba Gosztonyi 马蒂厄·雅克 瑟吉·诺普科 张宇 舒淇,False
5.0 25,2661,https://img9.doubanio.com/view/photo/s_ratio_poster/public/p2239093805.jpg,False,6866928,动作 科幻 惊悚,日本,进击的巨人真人版：前篇,https://movie.douban.com/subject/6866928/,2015-08-01,14,35562,5.0,三浦春马 长谷川博己 水原希子 本乡奏多 三浦贵大 樱庭奈奈美 松尾谕 石原里美 泷正则 国村隼 渡部秀 水崎绫女 武田梨奈 杉原枝利香,False
5.0 25,2662,https://img3.doubanio.com/view/photo/s_ratio_poster/public/p1320935641.jpg,True,2997155,动作 冒险 奇幻,中国香港 中国大陆,风云2,https://movie.douban.com/subject/2997155/,2009-12-09,14,35293,5.0,郭富城 郑伊健 蔡卓妍 唐嫣 谢霆锋 任达华 何家劲 谭耀文 林雪 阿杰 陆建艺 彭罡原 黄德斌 金永钢,False
5.0 25,2663,https://img9.doubanio.com/view/photo/s_ratio_poster/public/p1516386736.jpg,True,5256418,剧情 动作,中国大陆 中国香港,极速天使,https://movie.douban.com/subject/5256418/,2011-12-27,16,25203,5.0,汤唯 刘若英 林志颖 韩在硕 张柏芝 姜武 田中千绘 郑佩佩 北村一辉 程伊 何炅 朱泳腾 闵春晓 肖逾榛 黄秋生 吴佩慈,False
5.0 25,2664,https://img9.doubanio.com/view/photo/s_ratio_poster/public/p494445594.jpg,True,2363919,动作 冒险 家庭 奇幻,美国,最后的风之子,https://movie.douban.com/subject/2363919/,2010-08-23,18,20627,5.0,诺亚·林格 戴夫·帕特尔 杰克逊·拉斯波恩 妮可拉·佩尔茨 克利夫·柯蒂斯 赛切儿·加布埃尔 肖恩·托布  阿西夫·曼德维 兰德尔·杜克·金 弗朗西斯·奎南 M·奈特·沙马兰 杰弗里·泽布尼斯 Manu Narayan 约翰·诺贝尔 艾萨克·吉·索尔斯坦 申庚 莎莫·比施尔 凯瑟琳·霍顿,False
5.0 25,2665,https://img1.doubanio.com/view/photo/s_ratio_poster/public/p1334308069.jpg,True,3582229,动作 剧情 历史,中国大陆,麦田,https://movie.douban.com/subject/3582229/,2009-09-28,13,18040,5.0,范冰冰 王学圻 王志文 金淑媛 吴斌 孙桂田 李歌 黄素影 黄觉 金雅琴 王姬 杜家毅 王佳佳,False
5.0 25,2666,https://img9.doubanio.com/view/photo/s_ratio_poster/public/p2168195366.jpg,False,23398777,剧情 动作,日本,热血高校3,https://movie.douban.com/subject/23398777/,2014-04-12,16,18016,5.0,东出昌大 早乙女太一 胜地凉 高田贤三 矢部享佑 深水元基 Elly 岩田刚典 永山绚斗 柳乐优弥 高桥努 中山由香 柳俊太郎 板尾创路 广濑铃 柿泽勇人,False
5.0 25,2667,https://img9.doubanio.com/view/photo/s_ratio_poster/public/p2457738034.jpg,True,26605946,剧情 动作 犯罪,中国大陆 中国香港,毒。诫,https://movie.douban.com/subject/26605946/,2017-05-12,24,17395,5.0,刘青云 林家栋 古天乐 张晋 江一燕 谭耀文 吴孟达 陈观泰 卢海鹏 楼南光 欧锦棠 林国斌 尹扬明 苗可秀 庄思敏 张建声 朱鉴然 赵永洪 张松枝 林德禄  廖骏雄 吴海昕 黄溢濠 陈健朗,False
5.0 25,2668,https://img9.doubanio.com/view/photo/s_ratio_poster/public/p2171256764.jpg,True,25713336,喜剧 动作 爱情 悬疑,中国大陆 中国香港,盗马记,https://movie.douban.com/subject/25713336/,2014-03-21,15,16480,5.0,梁家辉 郑伊健 陈慧琳 曾志伟 王祖蓝 王紫逸 王槊 刘碧丽 廖启智 车婉婉 黎芷珊 陈滢 谭家明 付博文 叶景文,False
5.0 25,2669,https://img3.doubanio.com/view/photo/s_ratio_poster/public/p1348930803.jpg,True,6799156,喜剧 动作 科幻,中国大陆,超时空救兵,https://movie.douban.com/subject/6799156/,2012-01-24,10,8033,5.0,霍建华 景甜 郭品超 郝好 林子聪 孙浩 林雪 田启文 张达明 陈迪凯,False
5.0 25,2670,https://img9.doubanio.com/view/photo/s_ratio_poster/public/p2325212536.jpg,True,26322637,动作 科幻 恐怖,日本,火星异种,https://movie.douban.com/subject/26322637/,2016-04-29,14,6813,5.0,伊藤英明 武井咲 山下智久 山田孝之 小栗旬 小杉健 菊地凛子 加藤雅也 小池荣子 篠田麻里子 泷藤贤一 太田莉菜 福岛莉拉 三池崇史,False
5.0 25,2671,https://img1.doubanio.com/view/photo/s_ratio_poster/public/p2517326639.jpg,True,3160325,动作 惊悚 冒险 灾难,美国 罗马尼亚,狂蟒之灾3,https://movie.douban.com/subject/3160325/,2008-07-26,7,5930,5.0,克里斯托·艾伦 大卫·哈塞尔霍夫 约翰·瑞斯-戴维斯 安东尼·格林 Vasile Albinet Gabi Burlacu Bart Sidles,False
5.0 25,2672,https://img3.doubanio.com/view/photo/s_ratio_poster/public/p532593821.jpg,True,4881121,喜剧 动作,中国大陆,七小罗汉,https://movie.douban.com/subject/4881121/,2010-07-23,8,4689,5.0,曾志伟 陈思诚 牛萌萌 东方闻樱 周莉娜 傅家缘 王东方 马健,False
5.0 25,2673,https://img3.doubanio.com/view/photo/s_ratio_poster/public/p2194769663.jpg,False,2132894,动作 喜剧 犯罪 恐怖 惊悚,日本 美国,机关枪少女,https://movie.douban.com/subject/2132894/,2008-08-02,10,4478,5.0,亚纱美 八代兼美 穗花 川村亮介 石川夕夜 菜叶菜 长泽筑实 Erika Terajima 诹访太朗 木岛法子,False
5.0 25,2674,https://img3.doubanio.com/view/photo/s_ratio_poster/public/p2295700240.jpg,True,1306935,动作 剧情 科幻,中国香港 美国,黑侠2,https://movie.douban.com/subject/1306935/,2002-12-24,16,3611,5.0,安志杰 西恩·马奎特 托宾·贝尔 乔·鲍里托 尹子维 柯受良 特雷莎·海雷拉 罗博·范·达姆 斯科特·阿金斯 泰勒·梅恩 奇希·劳尔兹 Oris Erhuero Robert Allen Mukes 西尔维奥·西马克 迈克尔·贝利·史密斯 安德鲁·布莱尼亚斯基,False
5.0 25,2675,https://img3.doubanio.com/view/photo/s_ratio_poster/public/p2247511962.jpg,True,5167754,动作,美国,战略力量,https://movie.douban.com/subject/5167754/,2011,6,2061,5.0,迈克尔·加·怀特 史蒂夫·奥斯汀 迈克尔·山克斯 约翰尼·梅辛纳 汤姆·塞兹摩尔 迈克尔·艾克朗德,False
5.0 25,2676,https://img3.doubanio.com/view/photo/s_ratio_poster/public/p631201272.jpg,False,3182794,动作 喜剧 恐怖 惊悚,美国,短柄斧2,https://movie.douban.com/subject/3182794/,2010-10-01,25,1910,5.0,尼克·普林西比 约翰·卡尔·伯奇勒 迈克·门德兹 瑞安·希弗里 艾玛·贝尔 埃丽卡·汉密尔顿 凯恩·霍德尔 R·A·米海洛夫 里克·麦卡伦 阿克曼 莎拉·奥格尔 汤姆·霍兰德 派瑞·申 丹妮尔·哈丽丝 梅塞德斯·麦克纳博 托尼·托德 AJ·鲍恩 杰森·理查德·米勒 凯瑟琳·费奥雷 莉莉·旺德比尔特 劳拉·奥尔蒂斯 乔蕾·菲奥拉万蒂 比利·约翰·麦克唐纳 科尔顿·邓恩 乔尔·默里,False
5.0 25,2677,https://img9.doubanio.com/view/photo/s_ratio_poster/public/p2534872154.jpg,True,30299292,剧情 动作 悬疑 古装,中国大陆,狄仁杰之幽冥道,https://movie.douban.com/subject/30299292/,2018-10-02,5,1844,5.0,杨恭如 罗立群 何文辉 黄一飞 李若希,False
5.0 25,2678,https://img3.doubanio.com/view/photo/s_ratio_poster/public/p1937665662.jpg,False,6557916,喜剧 动作 恐怖,美国,短柄斧3,https://movie.douban.com/subject/6557916/,2013-06-14,14,1683,5.0,凯恩·霍德尔 丹妮尔·哈丽丝 扎克·加利根 卡罗琳·威廉姆斯 派瑞·申 德里克·梅耶斯 盖伊·费尔南德斯 埃里克·斯特拉特梅耶 杰森·特罗斯特 罗伯特·迪亚戈·杜奇 杰马尔·丹尼斯 莎拉·埃尔伯特 乔·大卫·摩尔  贾里德·德帕斯夸尔,False
5.0 25,2679,https://img9.doubanio.com/view/photo/s_ratio_poster/public/p2537181736.jpg,True,30322398,喜剧 动作,印度,无痛侠,https://movie.douban.com/subject/30322398/,2019-04-04,6,1554,5.0,里瓦·阿罗拉 阿布希曼努·达萨尼 古山·德瓦亚 萨蒂亚吉特·加努 萨尔塔吉·卡卡尔 马赫什·曼杰瑞卡,False
5.0 25,2680,https://img1.doubanio.com/view/photo/s_ratio_poster/public/p2332529109.jpg,False,1307066,动作 剧情 恐怖,中国香港,制服诱惑2：地下法庭,https://movie.douban.com/subject/1307066/,2000-03-10,11,1283,5.0,林熙蕾 黎姿 张文慈 黄家诺 李婉华 林国杰 罗兰 李菲 陆剑青 李幸芷 梁焯满,False
5.0 25,2681,https://img1.doubanio.com/view/photo/s_ratio_poster/public/p767131267.jpg,True,5157188,动作 战争 惊悚 冒险,英国,英雄时代,https://movie.douban.com/subject/5157188/,2011-05-20,8,1255,5.0,肖恩·宾 丹尼·戴尔 阿卡塞尔·亨涅 伊莎贝拉·米珂 詹姆斯·达西 威廉·休斯顿 盖·布耐特 罗茜·费尔纳,False
5.0 25,2682,https://img9.doubanio.com/view/photo/s_ratio_poster/public/p2500043365.jpg,False,26613338,动作 犯罪,韩国,美玉,https://movie.douban.com/subject/26613338/,2017-11-09,16,1170,5.0,金惠秀 李善均 李熙俊 崔武成 金玟锡 崔贤钟 申成日 李贤杰 申禹熙  琴光山 赵韩娜 权律 车顺裴 吴荷妮 任赫順 李东国,False
5.0 25,2683,https://img1.doubanio.com/view/photo/s_ratio_poster/public/p2434013048.jpg,False,26653227,动作 犯罪 惊悚,美国 法国 加拿大,假小子,https://movie.douban.com/subject/26653227/,2016-09-11,11,1165,5.0,米歇尔·罗德里格兹 西格妮·韦弗 托尼·夏尔赫布 安东尼·拉帕格利亚 特瑞·陈 保罗·麦克吉莱恩 凯特琳·杰拉德 肯·科齐格 扎克·圣蒂亚戈 劳洛·查坦德 阿德里安·霍夫,False
5.0 25,2684,https://img9.doubanio.com/view/photo/s_ratio_poster/public/p2243608144.jpg,False,20507022,剧情 动作 犯罪,韩国,我的亲密敌人,https://movie.douban.com/subject/20507022/,2015-06-25,8,1134,5.0,柳昇范 高俊熙 柳贤静 梁益准 金应洙 郑元中 金柱赫 金亨奎,False
5.0 25,2685,https://img3.doubanio.com/view/photo/s_ratio_poster/public/p639426601.jpg,True,5044742,动作 科幻 惊悚,泰国,红鹰侠,https://movie.douban.com/subject/5044742/,2012-03-02,5,1127,5.0,阿南达·爱华灵咸 雅琳达·邦恩纳克 罗恩·斯穆安伯格 Wannasing Prasertkul Pornwut Sarasin,False
5.0 25,2686,https://img1.doubanio.com/view/photo/s_ratio_poster/public/p1488350339.jpg,False,3407791,剧情 动作 喜剧,美国,嫌疑犯相册,https://movie.douban.com/subject/3407791/,2010-07-27,15,1035,5.0,贝丝·格兰特 文·瑞姆斯 布兰登·T·杰克逊 蒂姆·巴格莱 鲍勃·奥登科克 扎克·加利凡纳基斯 乔·安德森 亚当·斯科特 罗伯·考德瑞 奥黛塔·安纳布尔 杰弗里·塔伯 艾米莉·德瑞文 李美琪 迈克尔·希区柯克 艾伦·巴金,False
4.9 25,2687,https://img1.doubanio.com/view/photo/s_ratio_poster/public/p2400082527.jpg,True,6982558,动作 奇幻 冒险,中国大陆 美国,长城,https://movie.douban.com/subject/6982558/,2016-12-16,23,325155,4.9,马特·达蒙 景甜 佩德罗·帕斯卡 刘德华 威廉·达福 张涵予 鹿晗 彭于晏 林更新 郑恺 黄轩 陈学冬 王俊凯 余心恬 刘恩佳 李亨 李京沐 纽曼·阿卡 约翰尼·希科 皮鲁·埃斯贝克 杨伊墨 刘文迪 凌玲,False
4.9 25,2688,https://img1.doubanio.com/view/photo/s_ratio_poster/public/p2462475058.jpg,True,25824686,动作 科幻,美国 中国大陆 加拿大,变形金刚5：最后的骑士,https://movie.douban.com/subject/25824686/,2017-06-23,30,200377,4.9,马克·沃尔伯格 伊莎贝拉·莫奈 劳拉·哈德克 安东尼·霍普金斯 乔什·杜哈明 彼特·库伦 约翰·古德曼 斯坦利·图齐 桑地亚哥·卡布瑞拉 吉尔·伯明翰 渡边谦 约翰·迪·马吉欧 弗兰克·维尔克 米彻·佩勒吉 嘉玛·陈 约翰·特托罗 托尼·海尔 安迪·比恩 丽贝卡·弗朗特 格伦·莫肖尔 莎拉·斯图尔特 利亚姆·加里根 菲比·尼克尔斯 伯纳多·桑托斯 雅各布·扎哈尔 斯蒂芬·霍根 杰洛德·卡尔迈克 马丁·麦克里迪 小本杰明·弗洛雷斯 艾伦·菲尼克斯,False
4.9 25,2689,https://img3.doubanio.com/view/photo/s_ratio_poster/public/p2492869971.jpg,True,26698000,动作 犯罪 悬疑,中国大陆,心理罪,https://movie.douban.com/subject/26698000/,2017-08-11,14,120136,4.9,廖凡 李易峰 万茜 李纯 张国柱 谢君豪 封佳奇 蔡鹭 虞朗 范湉湉 易扬 赵婉瑜 周帅 魏翔,False
4.9 25,2690,https://img1.doubanio.com/view/photo/s_ratio_poster/public/p957241818.jpg,True,4821046,传记 动作 历史 古装,中国大陆 中国香港,关云长,https://movie.douban.com/subject/4821046/,2011-04-26,20,79760,4.9,甄子丹 姜文 孙俪 方中信 李宗翰 赵柯 王学兵 钱小豪 邵兵 董勇 王柏杰 聂远 李明 喻亢 林峰民 陈红 黑子 余皑磊 安志杰 邓凯匀,False
4.9 25,2691,https://img9.doubanio.com/view/photo/s_ratio_poster/public/p2399366116.jpg,True,21350556,剧情 动作 武侠 古装,中国大陆,三少爷的剑,https://movie.douban.com/subject/21350556/,2016-12-02,44,68269,4.9,林更新 何润东 江一燕 蒋梦婕 鲍起静 顾曹斌 马京京 徐少强 顾冠忠 吴元俊 陆剑明 方平 原岛大地 林朝绪 宋伊人 铁男 王美英 飞儿 赵英龙 林晨 佟仲琪 田淼 寇骏 郭九龙 王德顺 吴优 王昭 万国鹏 张文斌 周鹏 赖迦童 沈凯 陈墨研 张梓豫 马睿瀚 张喜来 红木 赵海鹰 魏晓东 蒿怡帆 蒿怡霏 马瑞 程昱泓 韩聪聪,False
4.9 25,2692,https://img9.doubanio.com/view/photo/s_ratio_poster/public/p2523437806.jpg,True,26992383,喜剧 动作 犯罪,中国大陆,龙虾刑警,https://movie.douban.com/subject/26992383/,2018-06-22,16,57817,4.9,王千源 袁姗姗 刘桦 周游 周云鹏 张锦程 沈腾 陈青晔 曹兴 陈洛伊 聂霸虎 丁文博 张兆北 李奎 王铮 李健仁,False
4.9 25,2693,https://img3.doubanio.com/view/photo/s_ratio_poster/public/p466623093.jpg,False,3736637,动作 剧情 历史,中国大陆 中国香港,苏乞儿,https://movie.douban.com/subject/3736637/,2010-02-09,19,54871,4.9,赵文卓 周迅 杨紫琼 周杰伦 安志杰 郭晓东 刘家辉 蒋璐霞 刘畊宏 梁家仁 向佐 黎烈弓 闫妮 冯小刚 大卫·卡拉丁 张优 谭建昌 孙瀚文 大卫·A·威廉斯,False
4.9 25,2694,https://img3.doubanio.com/view/photo/s_ratio_poster/public/p2194662832.jpg,True,10604893,动作 爱情 悬疑 武侠 古装,中国大陆 中国香港,四大名捕大结局,https://movie.douban.com/subject/10604893/,2014-08-22,19,47308,4.9,邓超 刘亦菲 邹兆龙 郑中基 黄秋生 江一燕 柳岩 吴秀波 邓萃雯 李子雄 苏有朋 于承惠 包贝尔 向恬冉 吴映洁 刘俊纬 曹炳琨 李宛真 李立宏,False
4.9 25,2695,https://img3.doubanio.com/view/photo/s_ratio_poster/public/p2445601403.jpg,True,26602933,动作 犯罪,中国大陆 中国台湾 中国香港,绑架者,https://movie.douban.com/subject/26602933/,2017-03-31,8,32724,4.9,白百何 黄立行 明道 李淳 李玖哲 徐静蕾 梁天 孙阳,False
4.9 25,2696,https://img9.doubanio.com/view/photo/s_ratio_poster/public/p2284651956.jpg,True,25778483,动作 犯罪 悬疑,中国大陆 中国香港,消失的凶手,https://movie.douban.com/subject/25778483/,2015-11-27,12,28072,4.9,刘青云 林家栋 李小璐 江一燕 郭晓东 凤小岳 孙佳君 海陆 曹操 刘洵 于小彤 李治源,False
4.9 25,2697,https://img9.doubanio.com/view/photo/s_ratio_poster/public/p2456330706.jpg,True,1917577,动作 悬疑 爱情,中国大陆 中国香港,明明,https://movie.douban.com/subject/1917577/,2007-04-26,7,21565,4.9,周迅 吴彦祖 杨祐宁 杨恭如 张信哲 林雨申 陈保元,False
4.9 25,2698,https://img9.doubanio.com/view/photo/s_ratio_poster/public/p2255619105.jpg,True,3280079,动作 爱情,中国香港 中国,剑蝶,https://movie.douban.com/subject/3280079/,2008-10-16,12,20501,4.9,吴尊 蔡卓妍 胡歌 庾澄庆 狄龙 谭俊彦 冼色丽 熊欣欣 万茜 樊少皇 邵兵 郑文森,False
4.9 25,2699,https://img9.doubanio.com/view/photo/s_ratio_poster/public/p2486678465.jpg,False,26362764,动作,韩国,真实,https://movie.douban.com/subject/26362764/,2017-06-28,27,18727,4.9,金秀贤 成东日 韩智恩 李星民 崔雪莉 赵宇镇 崔权 郑仁谦 金弘波 李璟荣 丁瑞奇 高圭弼 池恩瑞 Kim Yoon-bae 玄奉植 郑宰成 赵河硕 朴敏贞 金松日 裴秀智 李知恩 朴叙俊 尹敬浩 白仁权 朴敏荷 孙贤周 金多顺,False
4.9 25,2700,https://img9.doubanio.com/view/photo/s_ratio_poster/public/p2176698184.jpg,True,24859795,动作 冒险,美国,大力神,https://movie.douban.com/subject/24859795/,2014-04-11,18,16135,4.9,凯南·鲁兹 盖亚·维斯 斯科特·阿金斯 罗姗妮·麦琪 利亚姆·加里根 连姆·麦肯泰尔 拉德·舍博德兹加 乔纳森·斯卡奇 卢克·纽伯里 肯尼思·库兰汉姆 玛丽亚·盖尔 萨拉·吉瓦蒂 迪米特尔·多切诺夫 尼古拉·索蒂罗夫 拉多斯拉夫·巴瓦诺夫 巴沙尔·拉海尔 斯宾塞·怀尔丁 Jukka Hilden,False
4.9 25,2701,https://img1.doubanio.com/view/photo/s_ratio_poster/public/p2502374737.jpg,True,26747274,剧情 动作 犯罪,中国香港 中国大陆,狂兽,https://movie.douban.com/subject/26747274/,2017-11-10,12,12269,4.9,张晋 余文乐 文咏珊 吴樾 林家栋 太保 苏丽珊 曾国祥 灰熊 郑紫平 仓田保昭 何浩峰,False
4.9 25,2702,https://img3.doubanio.com/view/photo/s_ratio_poster/public/p2551872873.jpg,True,4844731,动作 奇幻 冒险,日本,境·界,https://movie.douban.com/subject/4844731/,2019-04-19,11,9993,4.9,福士苍汰 杉咲花 吉泽亮 真野惠里菜 小柳友 田边诚一 早乙女太一 石原贵雅 长泽雅美 江口洋介 高村佳伟人,False
4.9 25,2703,https://img9.doubanio.com/view/photo/s_ratio_poster/public/p1287429626.jpg,True,3450086,动作 惊悚,美国 西班牙,白昼冷光,https://movie.douban.com/subject/3450086/,2012-10-12,16,8051,4.9,亨利·卡维尔 薇洛妮卡·恩切圭 布鲁斯·威利斯 西格妮·韦弗 约瑟夫·马勒 卡罗琳·古多尔 拉菲·格拉沃恩 艾玛·汉密尔顿 罗什迪·泽姆 奥斯卡·贾恩那达 吉姆·皮多克 费米·雷克萨奇 西蒙·安德鲁 Mark Ullod 安德莉亚·罗斯 科尔姆·米尼,False
4.9 25,2704,https://img1.doubanio.com/view/photo/s_ratio_poster/public/p2426952758.jpg,True,4078592,剧情 动作 爱情,中国大陆,上海王,https://movie.douban.com/subject/4078592/,2017-02-17,14,6727,4.9,胡军 余男 凤小岳 秦昊 李梦 刘佩琦 曹可凡 蒲巴甲 多布杰 乔翰·厄布 何赛飞 徐冬冬 白灵 王汝刚,False
4.9 25,2705,https://img1.doubanio.com/view/photo/s_ratio_poster/public/p2258383398.jpg,True,6873851,喜剧 动作 冒险,美国,刺客学妹,https://movie.douban.com/subject/6873851/,2015-04-30,21,5205,4.9,海莉·斯坦菲尔德 苏菲·特纳 杰西卡·阿尔芭 塞缪尔·杰克逊 杰米·金 瑞秋·哈里斯 托比·塞巴斯蒂安 托马斯·曼 丹·福勒 史蒂夫 亚利桑德拉·克罗斯内芙 加布里埃尔·巴索 罗布·许贝尔 德芙·卡梅隆 汉娜·梅·李 杰森·德鲁克 奥图姆·戴尔 伊莎贝拉·阿玛拉 德米特里厄斯·布里吉斯 迈克·普罗沃斯 布林·维尔,False
4.9 25,2706,https://img9.doubanio.com/view/photo/s_ratio_poster/public/p1560084626.jpg,True,10758223,动作 爱情 悬疑,韩国,雅典娜：无间谍局,https://movie.douban.com/subject/10758223/,2012-06-07,6,2366,4.9,郑雨盛 秀爱 车胜元 李智雅 崔始源 金民钟,False
4.9 25,2707,https://img9.doubanio.com/view/photo/s_ratio_poster/public/p1624436346.jpg,True,10829449,剧情 动作,中国大陆,街头之王,https://movie.douban.com/subject/10829449/,2012-07-27,7,1688,4.9,岳松 李宇菲 康恩 杨建平 杨骏 李长海 余辛,False
4.9 25,2708,https://img9.doubanio.com/view/photo/s_ratio_poster/public/p2256234664.jpg,True,24856648,动作,加拿大 卢森堡,美国劫案,https://movie.douban.com/subject/24856648/,2014-09-11,11,1616,4.9,海登·克里斯滕森 艾德里安·布洛迪 乔丹娜·布鲁斯特 劳拉·凯洛蒂 埃琳娜·桑切斯 托利·基特尔斯 乔·克里斯特 约翰·阿米乔 贾德·罗德曼 阿肯 兰斯·E·尼克尔斯,False
4.9 25,2709,https://img9.doubanio.com/view/photo/s_ratio_poster/public/p2371796895.jpg,True,3212102,动作 惊悚,中国香港,三不管,https://movie.douban.com/subject/3212102/,2008-09-15,5,1485,4.9,林家栋 连凯 方皓玟 田蕊妮 王文成,False
4.9 25,2710,https://img3.doubanio.com/view/photo/s_ratio_poster/public/p2238396013.jpg,False,26306671,动作 犯罪 悬疑,中国大陆,枪过境,https://movie.douban.com/subject/26306671/,2015-04-16,8,1475,4.9,安泽豪 方力申 王双宝 计春华 焦恩俊 田璐 王景春 林雪,False
4.9 25,2711,https://img1.doubanio.com/view/photo/s_ratio_poster/public/p1266693139.jpg,True,5154606,动作 科幻 犯罪 冒险 恐怖,俄罗斯,超能游戏者2,https://movie.douban.com/subject/5154606/,2010-04-15,11,1098,4.9,亚力克萨·巴杜科夫 阿格尼娅·蒂科夫斯特 帕维尔·普里卢茨内 叶夫根尼·哈尔拉诺夫 Mikhail Trukhin Boris Tenin 伊戈尔·斯克利亚尔 维克多·维尔比斯基 亚历山大·里科夫 谢尔盖·加扎罗夫 谢尔盖·奇尔科夫,False
4.9 25,2712,https://img9.doubanio.com/view/photo/s_ratio_poster/public/p2506397225.jpg,False,26981261,动作 犯罪,加拿大,暴力行为,https://movie.douban.com/subject/26981261/,2018-01-12,15,1059,4.9,科尔·豪瑟 布鲁斯·威利斯 肖恩·阿什莫 艾什顿·霍尔姆斯 梅丽莎·博洛纳 肖恩·布鲁斯南 索菲亚·布什 迈克·艾普斯 蒂凡尼·布劳威尔 珍娜.B.凯利 帕特里克·圣埃斯普利特 博伊德·肯斯特纳 大卫·维格 约翰·多尔 克里斯托弗·罗伯·鲍恩,False
4.8 25,2713,https://img1.doubanio.com/view/photo/s_ratio_poster/public/p2459198108.jpg,True,20451290,动作 奇幻 冒险,美国,新木乃伊,https://movie.douban.com/subject/20451290/,2017-06-09,17,109880,4.8,汤姆·克鲁斯 罗素·克劳 安娜贝拉·沃丽丝 索菲亚·波多拉 杰克·约翰逊 考特尼·万斯 马尔万·肯扎里 斯蒂芬·汤普森 詹姆斯·阿拉马 马修·威尔卡斯 索姆·卡皮拉 肖恩·卡梅伦·迈克尔 雷兹·肯普顿 尼尔·马斯克尔 哈维尔·博泰特 帕克·索耶 爱丽丝·休金,False
4.8 25,2714,https://img3.doubanio.com/view/photo/s_ratio_poster/public/p1221489031.jpg,False,4942778,动作 爱情 奇幻 古装,中国大陆,白蛇传说,https://movie.douban.com/subject/4942778/,2011-09-28,19,103445,4.8,李连杰 黄圣依 林峯 蔡卓妍 文章 姜武 杨千嬅 罗家英 郭羡妮 林雪 姜冰洁 郑保瑞 洪杰 汤盈盈 韩栋 邢思杰 王一楠 孔宋今 王林,False
4.8 25,2715,https://img1.doubanio.com/view/photo/s_ratio_poster/public/p2320939539.jpg,True,21327512,剧情 动作 武侠 古装,中国大陆 美国,卧虎藏龙：青冥宝剑,https://movie.douban.com/subject/21327512/,2016-02-19,25,34143,4.8,甄子丹 杨紫琼 岑勇康 刘承羽 李截 原丽淇 吴青芸 袁之正 陈钰芸 朴云龙 关永扬 吴育刚 张舒雅 吴海声 特雷弗·赛·路易 周小飞 夏梓桐 亚历克斯·石 大卫·T·林 莎伦·张 蒂姆·王 安德鲁·斯特林 加里·扬 安柚鑫 吕帅,False
4.8 25,2716,https://img1.doubanio.com/view/photo/s_ratio_poster/public/p2285035197.jpg,True,25866686,动作 科幻 惊悚 冒险,美国,第五波,https://movie.douban.com/subject/25866686/,2016-01-14,17,13034,4.8,科洛·莫瑞兹 尼克·罗宾森 朗·里维斯顿 玛姬·丝弗 亚历克斯·罗伊 玛丽亚·贝罗 麦卡·梦露 列维·施瑞博尔 扎克瑞·亚瑟 托尼·雷沃罗利 特丽莎·贝特曼 纳吉·杰特 琳赛·伊丽莎白 马克·约翰·杰弗瑞 查明·李 加芙列拉·洛佩兹 迈克尔·比斯利,False
4.8 25,2717,https://img1.doubanio.com/view/photo/s_ratio_poster/public/p2360559748.jpg,True,1758336,动作 喜剧 奇幻,中国大陆 中国香港,野蛮秘笈,https://movie.douban.com/subject/1758336/,2006-02-09,16,12135,4.8,张柏芝 古巨基 元秋 元华 黄一飞 王晶 森美 许绍雄 彭敬慈 苑琼丹 林雪 江欣燕 林子聪 石兰 钱嘉乐 刘家辉,False
4.8 25,2718,https://img9.doubanio.com/view/photo/s_ratio_poster/public/p2515774685.jpg,True,26806316,喜剧 动作 悬疑,中国大陆,我说的都是真的,https://movie.douban.com/subject/26806316/,2018-03-30,24,9167,4.8,小沈阳 陈意涵 吴樾 连凯 罗海琼 李易祥 朱云峰 刘仪伟 赵英俊 束焕 黄艺馨 刘亮 白鸽 樊昱君 刘潮 吴洲凯 潘春春 李勤勤 王岳伦 李依玲 刘十六 顾语涵 樊野 张晚意,False
4.8 25,2719,https://img9.doubanio.com/view/photo/s_ratio_poster/public/p2163988525.jpg,False,11601820,动作 古装,韩国,朝鲜美女三剑客,https://movie.douban.com/subject/11601820/,2014-01-29,11,3026,4.8,河智苑 姜艺媛 孙佳仁 高昌锡 朱相昱 韩恩书 申怡濬 蔡相宇 徐光载 宋清晨 姜敏儿,False
4.8 25,2720,https://img9.doubanio.com/view/photo/s_ratio_poster/public/p2230362086.jpg,True,25824853,喜剧 动作,中国香港 中国大陆,全力扣杀,https://movie.douban.com/subject/25824853/,2015-12-11,16,2429,4.8,何超仪 郑伊健 郑中基 谢君豪 梁汉文 刘浩龙 林敏骢 邵音音 鲍春来 王琳 杜如风 邹凯光 郭伟亮 李凯贤 黄智亨 苏伟南,False
4.8 25,2721,https://img9.doubanio.com/view/photo/s_ratio_poster/public/p2595882406.jpg,True,30466885,剧情 动作,中国香港,我们永不言弃,https://movie.douban.com/subject/30466885/,2020-04-20,7,1806,4.8,韩庚 邬君梅 蔡书灵 姜皓文 张钧甯 李诗颖 冈村秀,False
4.8 25,2722,https://img1.doubanio.com/view/photo/s_ratio_poster/public/p2495769408.jpg,True,1304909,动作 犯罪 惊悚,中国香港,原始武器,https://movie.douban.com/subject/1304909/,1999-05-29,6,1777,4.8,赵文卓 徐锦江 张慧仪 马德钟 欧锦棠 霍耀良,False
4.8 25,2723,https://img1.doubanio.com/view/subject/l/public/s6807557.jpg,False,1951078,动作 惊悚,中国香港,魔鬼天使,https://movie.douban.com/subject/1951078/,2006-12-25,11,1548,4.8,陈小春 天心 应采儿 安志杰 冯克安 何华超 李幸芷 彭敬慈 田朴珺 卫小雨 甄思羽,False
4.8 25,2724,https://img1.doubanio.com/view/photo/s_ratio_poster/public/p2151136189.jpg,True,21765384,动作 惊悚,韩国,惩戒者,https://movie.douban.com/subject/21765384/,2013-10-30,5,1341,4.8,杨东根 朱相昱 李泰林 孙康国 罗贤珠,False
4.8 25,2725,https://img3.doubanio.com/view/photo/s_ratio_poster/public/p2174997713.jpg,False,25848752,剧情 动作 战争,美国,第八海豹突击队:深入敌后,https://movie.douban.com/subject/25848752/,2014,1,1196,4.8,兰利·柯克伍德,False
4.8 25,2726,https://img9.doubanio.com/view/photo/s_ratio_poster/public/p2506728456.jpg,True,27133038,喜剧 动作 奇幻,中国大陆,大梦西游4伏妖记,https://movie.douban.com/subject/27133038/,2018-01-11,9,1091,4.8,谢苗 南笙 樊蕊 李波儿 白梓轩 杜玉明 程茉 王乙帆 易正福,False
4.8 25,2727,https://img3.doubanio.com/view/photo/s_ratio_poster/public/p2209596642.jpg,False,2042936,动作 恐怖 悬疑 惊悚,美国 新西兰,血之猎手,https://movie.douban.com/subject/2042936/,2007-06-01,23,1026,4.8,刘玉玲 罗伯特·福斯特 卡梅隆·理查德森 卡拉·古奇诺 艾伦·瑞奇 萨米拉·阿姆斯特朗 岩松信 阿纳斯塔西娅·巴拉诺娃 India King 玛尔戈·哈什曼 玛丽莲·曼森 扎克·吉尔福德 西蒙·雷克斯 尼克·拉奇 霍特·麦克卡兰尼 埃尔登·汉森 詹姆斯·达西 迈克尔·切克利斯 保罗·卡塞尔 萨曼莎·谢尔顿 Isabella Gutierrez 弗兰·克朗茨 胡里奥·奥斯卡·门乔索,False
4.7 25,2728,https://img9.doubanio.com/view/photo/s_ratio_poster/public/p2006870496.jpg,True,10604486,喜剧 动作 犯罪,中国大陆,不二神探,https://movie.douban.com/subject/10604486/,2013-06-21,40,132023,4.7,文章 李连杰 刘诗诗 陈妍希 柳岩 马伊琍 黄晓明 佟大为 冯德伦 吴京 邹兆龙 郑嘉颖 梁小龙 谢天华 张梓琳 邓丽欣 田亮 方力申 梁家仁 林雪 何超仪 林峯 郭锋 卢海鹏 何佩瑜 冯丹滢 王志飞 田启文 黄嘉乐 辛格·哈提汗·比托 苏伟南 邹文正 陈堃 陆建艺 李凯贤 萧家浩 林子聪 张同祖 黄芝琪 林爽,False
4.7 25,2729,https://img3.doubanio.com/view/photo/s_ratio_poster/public/p1232484263.jpg,True,5194471,剧情 动作 爱情 奇幻,中国大陆 中国香港,画壁,https://movie.douban.com/subject/5194471/,2011-09-29,19,116453,4.7,邓超 孙俪 闫妮 郑爽 柳岩 谢楠 邹兆龙 包贝尔 曾志伟 莫小棋 安志杰 包文婧 夏一瑶 蓝盈莹 李宛真 金雨淳 张辉 杨子淇 邱晔,False
4.7 25,2730,https://img3.doubanio.com/view/photo/s_ratio_poster/public/p2472784892.jpg,True,26667056,动作 科幻,中国大陆,逆时营救,https://movie.douban.com/subject/26667056/,2017-06-29,7,61556,4.7,杨幂 霍建华 金士杰 刘畅 张艺瀚 王俐丹 金熙元,False
4.7 25,2731,https://img9.doubanio.com/view/photo/s_ratio_poster/public/p1791054126.jpg,True,2994851,动作 武侠 古装,中国大陆 中国香港,血滴子,https://movie.douban.com/subject/2994851/,2012-12-20,17,52560,4.7,黄晓明 阮经天 李宇春 余文乐 井柏然 周一围 蒲巴甲 高天 文章 刘伟强 李梦 王羽 金士杰 曾国祥 陈浩 高翰文 王巍,False
4.7 25,2732,https://img1.doubanio.com/view/photo/s_ratio_poster/public/p2505785547.jpg,True,26729868,剧情 动作 科幻,中国大陆,机器之血,https://movie.douban.com/subject/26729868/,2017-12-22,12,41493,4.7,成龙 罗志祥 欧阳娜娜 夏侯云姗 卡兰·马尔韦 泰丝·哈乌布里奇 吉娜·卡拉诺 陈彦廷 安娜·切尼 金·吉尔 达米安·加维 蔡书灵,False
4.7 25,2733,https://img3.doubanio.com/view/photo/s_ratio_poster/public/p2508615612.jpg,True,26827040,剧情 动作,中国大陆 中国香港,英雄本色2018,https://movie.douban.com/subject/26827040/,2018-01-18,20,36300,4.7,王凯 马天宇 王大陆 余皑磊 林雪 吴樾 李梦 张艺上 姜珮瑶 李岷城 宁浩 韩寒 丁晟 曾志伟 杨锦斌 孙煌辰 赵梅雅 巩承琪 邹一正 苏鑫,False
4.7 25,2734,https://img1.doubanio.com/view/photo/s_ratio_poster/public/p2580345427.jpg,True,27131218,喜剧 动作,中国大陆 中国香港,肥龙过江,https://movie.douban.com/subject/27131218/,2020-02-01,25,22822,4.7,甄子丹 毛舜筠 周励淇 王晶 林秋楠 张继聪 竹中直人 丞威 渡边哲 王祖蓝 詹瑞文 陈友 伍允龙 林晓峰 周俊伟 林盛斌 泰臣 叶山豪 严华 喻亢 冯勉恒 牛钸斯 王馨瑶 湛琪清 岛津健太郎,False
4.7 25,2735,https://img1.doubanio.com/view/photo/s_ratio_poster/public/p2540717419.jpg,False,3212106,动作 喜剧,中国香港,精舞门,https://movie.douban.com/subject/3212106/,2008-06-27,18,21828,4.7,范冰冰 陈小春 南贤俊 潘晓婷 杨扬 陈观泰 高敏 邢傲伟 张翰 王玥兮 吴振天 赵文琪 颖儿 孙雨 孙涵 谷尚蔚 曹帅 郑文森,False
4.7 25,2736,https://img3.doubanio.com/view/photo/s_ratio_poster/public/p2337745611.jpg,False,2979528,动作 灾难,美国,2012世界末日,https://movie.douban.com/subject/2979528/,2008-02-12,10,9411,4.7,克利夫·德杨 戴尔·米德基夫 阿米·多伦兹 James Sinclair Daniel Cage Theodore 杰森·S·格雷 马克亨斯特 格雷戈里·保罗·史密斯 Rachel Maxwell Matthew Bolton,False
4.7 25,2737,https://img1.doubanio.com/view/photo/s_ratio_poster/public/p2498172067.jpg,False,26761256,动作,日本,钢之炼金术师,https://movie.douban.com/subject/26761256/,2017-10-25,16,6679,4.7,山田凉介 本田翼 藤冈靛 佐藤隆太 大泉洋 松雪泰子 本乡奏多 莲佛美沙子 内山信二 石丸谦二郎 小日向文世 国村隼 夏菜 水石亚飞梦 维克·米格诺纳 平田薫,False
4.7 25,2738,https://img3.doubanio.com/view/photo/s_ratio_poster/public/p483386820.jpg,False,1428179,动作 冒险 剧情 奇幻,德国 加拿大 美国,地牢围攻,https://movie.douban.com/subject/1428179/,2010-05-18,24,3349,4.7,杰森·斯坦森 莉莉·索博斯基 约翰·瑞斯-戴维斯 朗·普尔曼 克莱尔·弗兰妮 克里斯塔娜·洛肯 雷·利奥塔 伯特·雷诺兹 塔尼亚·索尔尼尔 麦克·多普德 达伦·萨赫拉维 马修·里沃德 迈克尔·艾克朗德 Kevin D. Murray 米歇尔·哈里逊 凯莉·弗莱明 威尔·桑德森 布莱恩·J·怀特 萨奇·布洛克勒班克 艾伦·坡尔 伊娃·帕德贝格 加布里埃尔·罗斯 科林·福特 丹尼尔·博乐奥,False
4.7 25,2739,https://img1.doubanio.com/view/photo/s_ratio_poster/public/p2274768877.jpg,False,1794438,动作 冒险 剧情 科幻,日本 美国,铁拳,https://movie.douban.com/subject/1794438/,2010-03-20,25,3034,4.7,鲁克·高斯 田川洋行 约翰·芬 盖瑞·丹尼尔斯 凯莉·欧沃顿 Nedal Yousef Cory Patt Roger Huerta 路易斯·赫特哈姆 Candice Hillebrand 莫洽·梦若 卓丹·李 内森·琼斯 Jennifer Lynn Warren 凯西·希亚·沃特森 Matthew Ramsaur 在熙 富田谭玲 约翰·派珀-弗格森 拉蒂夫·克劳德 伊恩·安东尼·代尔 Mysti Nash 基科·埃尔斯沃斯 David Pitt 达林·德维特·汉森,False
4.7 25,2740,https://img9.doubanio.com/view/photo/s_ratio_poster/public/p2292613454.jpg,False,26429842,剧情 动作,日本,水手服与机关枪：毕业,https://movie.douban.com/subject/26429842/,2016-03-05,11,1959,4.7,桥本环奈 长谷川博己 安藤政信 大野拓朗 宇野祥平 古馆宽治 鹤见辰吾 榎木孝明 伊武雅刀 武田铁矢 笹野友间,False
4.7 25,2741,https://img9.doubanio.com/view/photo/s_ratio_poster/public/p2528165234.jpg,True,26268574,动作 科幻 恐怖,英国,零号病人,https://movie.douban.com/subject/26268574/,2018-08-14,13,1889,4.7,娜塔莉·多默尔 马特·史密斯 克莱夫·斯坦登 斯坦利·图齐 约翰·C·布莱德利 安娜斯塔西亚·哈罗德 阿格妮丝·迪恩 豪尔赫·莱昂·马丁内斯 皮帕·贝内特-华纳 詹姆斯·诺斯科特 柯林·麦克法兰 蒂利亚纳·布克丽瓦 乔纳森·罗德斯,False
4.7 25,2742,https://img1.doubanio.com/view/photo/s_ratio_poster/public/p2100857467.jpg,True,10545080,剧情 动作 犯罪,美国,帝国,https://movie.douban.com/subject/10545080/,2013-09-03,10,1591,4.7,利亚姆·海姆斯沃斯 道恩·强森 艾玛·罗伯茨 迈克尔·安格拉诺 妮基·瑞德 施蕾·葛莱姆斯 詹姆斯·兰索恩 杰西·普鲁特 伊莎贝拉·阿玛拉 布伦特·菲利普·亨利,False
4.7 25,2743,https://img9.doubanio.com/view/photo/s_ratio_poster/public/p2526338066.jpg,True,30252404,动作 古装,中国大陆,九门提督,https://movie.douban.com/subject/30252404/,2018-06-22,8,1452,4.7,刘锐 洪浚嘉 郭万超 朱晓鸣 徐少强 王婷 王婷 庄翰,False
4.7 25,2744,https://img9.doubanio.com/view/photo/s_ratio_poster/public/p2516963695.jpg,True,26815315,喜剧 动作,美国,夕阳特工,https://movie.douban.com/subject/26815315/,2017-12-08,12,1329,4.7,摩根·弗里曼 汤米·李·琼斯 蕾妮·罗素 乔·潘托里亚诺 格伦妮·海德利 伊丽莎白·阿什利 格拉汉姆·贝克尔 克里斯汀·瑞克斯 埃利·古德曼 雪莉·李·拉尔夫 乔治·华莱士 梅尔·拉多,False
4.7 25,2745,https://img3.doubanio.com/view/photo/s_ratio_poster/public/p2233698513.jpg,False,25986688,动作 科幻 惊悚,日本,流浪者年代记,https://movie.douban.com/subject/25986688/,2015-06-27,18,1235,4.7,冈田将生 染谷将太 成海璃子 白石隼也 清水寻也 柳俊太郎 铃木伸之 伊原刚志 丰原功补 石桥莲司 黑岛结菜 高月彩良 松冈茉优 本乡奏多 忍成修吾 青木崇高 濑户利树 渡边木实,False
4.7 25,2746,https://img3.doubanio.com/view/photo/s_ratio_poster/public/p2535266352.jpg,False,30267317,动作 惊悚,泰国,鳄口逃生,https://movie.douban.com/subject/30267317/,2018-09-27,1,1186,4.7,提拉德·翁坡帕,False
4.7 25,2747,https://img9.doubanio.com/view/photo/s_ratio_poster/public/p2200371425.jpg,False,3627307,动作 恐怖,法国 加拿大,狼人镇,https://movie.douban.com/subject/3627307/,2014-10-19,13,1066,4.7,杰森·莫玛 卢卡斯·提尔 梅兰妮·斯科洛凡诺 梅里特·帕特森 詹妮弗·黑尔 凯特琳·勒柏 史蒂芬·麦克哈蒂 亚当·布切 约翰·派珀-弗格森 Miriam McDonald 阿兰·莫西 亚当·麦克唐纳 马修·库里·霍尔姆斯,False
4.6 25,2748,https://img9.doubanio.com/view/photo/s_ratio_poster/public/p735552334.jpg,True,4323732,动作 爱情 武侠 古装,中国大陆 中国台湾,大笑江湖,https://movie.douban.com/subject/4323732/,2010-12-03,22,79549,4.6,小沈阳 林熙蕾 赵本山 程野 陈志朋 徐少强 吴宗宪 曾志伟 梁家仁 恬妞 毕畅 翟星月 小小彬 黄一飞 刘晓光 李国煌 侯桐江 高子沣 王碧琪 宝迪 郝汉 白志迪,False
4.6 25,2749,https://img9.doubanio.com/view/photo/s_ratio_poster/public/p678366194.jpg,True,4919019,动作 科幻 灾难,美国,天际浩劫,https://movie.douban.com/subject/4919019/,2011-06-03,12,34080,4.6,艾里克·巴弗尔 斯考蒂·汤姆森 布兰特妮·丹尼尔 克里斯塔尔·里德 尼尔·霍普金斯 大卫·札亚斯 唐纳德·法森 罗宾·甘梅尔 坦尼娅·纽堡尔德 J·保罗·伯默尔 杰姆斯·黄 埃里克·罗德尔,False
4.6 25,2750,https://img1.doubanio.com/view/photo/s_ratio_poster/public/p2417948347.jpg,True,26711487,剧情 动作,中国大陆 中国香港,决战食神,https://movie.douban.com/subject/26711487/,2017-02-10,15,31205,4.6,葛优 谢霆锋 唐嫣 郑容和 白冰 杜海涛 王太利 黄秋生 詹瑞文 海鸣威 罗兰 卫诗雅 李沛泽 伊一 蔡澜,False
4.6 25,2751,https://img9.doubanio.com/view/photo/s_ratio_poster/public/p890169185.jpg,True,2988163,动作 剧情 爱情 战争,中国大陆 中国香港,江山美人,https://movie.douban.com/subject/2988163/,2008-02-09,10,22264,4.6,黎明 陈慧琳 甄子丹 郭晓东 寇振海 张优 陈之辉 蒋依依 原岛大地 彭志,False
4.6 25,2752,https://img9.doubanio.com/view/photo/s_ratio_poster/public/p1873908926.jpg,True,6984061,喜剧 动作,中国大陆 中国香港,笑功震武林,https://movie.douban.com/subject/6984061/,2013-03-08,25,17525,4.6,洪金宝 吴君如 郑中基 曾志伟 王祖蓝 谢娜 伍允龙 童飞 元华 陈嘉桓 孟瑶 释彦能 许明虎 蒋璐霞 谷祖琳 洪天明 杜宇航 温超 傅天骄 于莹莹 郑子寒 沈驰 吴斌 史耀中 梁小龙,False
4.6 25,2753,https://img9.doubanio.com/view/photo/s_ratio_poster/public/p2497530254.jpg,True,26752106,剧情 动作 犯罪,中国大陆 中国香港,黑白迷宫,https://movie.douban.com/subject/26752106/,2017-09-01,13,9574,4.6,任达华 陈小春 伍允龙 邱意浓 张兆辉 林雪 李子雄 桂晶晶 王文成 陈彼得 李宗彥 张荣祥 唐紫睿,False
4.6 25,2754,https://img9.doubanio.com/view/photo/s_ratio_poster/public/p2285677066.jpg,False,25941059,动作 科幻,日本,进击的巨人真人版：后篇·世界终结,https://movie.douban.com/subject/25941059/,2015-09-19,16,8987,4.6,三浦春马 长谷川博己 水原希子 本乡奏多 三浦贵大 樱庭奈奈美 松尾谕 渡部秀 水崎绫女 武田梨奈 石原里美 泷正则 国村隼 犬童一心 草彅刚 杉原枝利香,False
4.6 25,2755,https://img9.doubanio.com/view/photo/s_ratio_poster/public/p2518156085.jpg,True,3011606,动作 惊悚 冒险 灾难,罗马尼亚 美国,狂蟒之灾4,https://movie.douban.com/subject/3011606/,2009-02-28,9,4513,4.6,克里斯托·艾伦 林登·阿什比 约翰·瑞斯-戴维斯 Dan Badarau 亚历山德鲁·波托切安 伊莱亚斯·费金 安娜·乌拉鲁 Vasile Albinet 克劳迪乌·布莱翁茨,False
4.6 25,2756,https://img3.doubanio.com/view/photo/s_ratio_poster/public/p1992862530.jpg,True,6890737,剧情 动作 冒险,中国大陆,光辉岁月,https://movie.douban.com/subject/6890737/,2013-06-09,21,4145,4.6,曾志伟 黄日华 梁咏琪 郭涛 任达华 惠英红 刘五性 吕良伟 狄龙 倪虹洁 莫少聪 熊欣欣 王敏德 李炜 徐伟栋 冯克安 吴毅将 陈嘉桓 于荣光 陈百祥 谭俊彦,False
4.6 25,2757,https://img3.doubanio.com/view/photo/s_ratio_poster/public/p2230746830.jpg,False,25823531,动作 科幻 惊悚 冒险,美国,幻世追踪,https://movie.douban.com/subject/25823531/,2015-01-16,14,3673,4.6,布鲁斯·威利斯 安拜·柴尔德斯 托马斯·简 布莱恩·格林伯格 乔纳森·斯卡奇 科林·伊格斯菲德 唐·哈维 道格拉斯·M·格里芬 戴蒙利帕里 夏洛特·柯克 Brett Granstaff 爱德华·J·德尔莫尔三世 大卫·戈登 杰西·普鲁特,False
4.6 25,2758,https://img9.doubanio.com/view/photo/s_ratio_poster/public/p2190250605.jpg,False,3539855,动作 喜剧,中国大陆,功夫厨神,https://movie.douban.com/subject/3539855/,2009-05-08,11,3542,4.6,洪金宝 吴建豪 应采儿 林子聪 樊少皇 吴建飞 李海生 张文杰 谷峰 何贵林 加护亚依,False
4.6 25,2759,https://img3.doubanio.com/view/photo/s_ratio_poster/public/p1210225783.jpg,False,5910934,剧情 动作 犯罪,美国,迷局,https://movie.douban.com/subject/5910934/,2011-09-05,9,3194,4.6,布鲁斯·威利斯 瑞恩·菲利普 珍娜·迪万 詹姆斯·瑞马尔 兰迪·库卓 50分 李威尹 安拜·柴尔德斯 Brett Granstaff,False
4.6 25,2760,https://img3.doubanio.com/view/photo/s_ratio_poster/public/p2575134653.jpg,True,27595272,动作 灾难,中国大陆,冰峰暴,https://movie.douban.com/subject/27595272/,2019-11-29,8,2841,4.6,张静初 役所广司 林柏宏 维克多·韦伯斯特 诺亚·丹比 格拉汉姆·谢尔斯 巴巴克·哈利克 普布次仁 ,False
4.6 25,2761,https://img1.doubanio.com/view/photo/s_ratio_poster/public/p2177284819.jpg,False,1441293,动作 冒险 奇幻 恐怖,美国 德国,吸血莱恩,https://movie.douban.com/subject/1441293/,2005-10-23,24,2165,4.6,克里斯塔娜·洛肯 迈克尔·马德森 马修·戴维斯 威尔·桑德森 杰拉丁·卓别林 乌多·基尔 米特·洛夫 迈克尔·帕尔 比利·赞恩 米歇尔·罗德里格兹 本·金斯利 达伦·萨赫拉维 丹妮拉·南恩 Vasilescu Valentin Dicu Aurel Daniel Visan 英格丽·比苏 拉杜·安德烈·米库 Iulia Muresanu 艾德丽安·麦奎因 麦克·多普德 何松柏 Chris Torres Bryan C. Knight,False
4.6 25,2762,https://img3.doubanio.com/view/photo/s_ratio_poster/public/p2191015092.jpg,True,2567628,动作 儿童,日本 中国大陆,功夫小子,https://movie.douban.com/subject/2567628/,2008-03-29,17,1778,4.6,张壮 泉品子 藤本七海 矢口真里 佐藤惠 Yakkun Sakurazuka 金刚地武史 川平慈英 伊武雅刀 武田真治 宫川一朗太 广泽草 佐田真由美 西村雅彦 古田新太 上野树里 笹野高史,False
4.6 25,2763,https://img9.doubanio.com/view/photo/s_ratio_poster/public/p1885077704.jpg,True,21372181,动作,美国,海军陆战队员3：国土防线,https://movie.douban.com/subject/21372181/,2013-03-05,12,1419,4.6,迈克尔·米赞宁 尼尔·麦克唐纳 阿什丽·贝尔 迈克尔·艾克朗德 杰弗里·巴拉德 达伦·萨赫拉维 杰瑞德·基苏 本·科顿 斯蒂夫·巴西奇 达西·劳瑞 阿莱克斯·潘诺维奇 托尼·阿尔坎塔,False
4.6 25,2764,https://img3.doubanio.com/view/photo/s_ratio_poster/public/p2589453472.jpg,True,30413195,动作 战争,中国大陆,狙击手,https://movie.douban.com/subject/30413195/,2020-03-05,3,1072,4.6,任天野 是之 梁家峻,False
4.6 25,2765,https://img9.doubanio.com/view/photo/s_ratio_poster/public/p2247892374.jpg,False,5168675,动作 冒险,美国,死亡游戏,https://movie.douban.com/subject/5168675/,2010-11-27,15,1023,4.6,韦斯利·斯奈普斯 罗伯特·戴维 盖瑞·丹尼尔斯 佐伊·贝尔 西蒙·瑞 Richard Goteri 罗恩·巴利基 Dailyn Rodriguez 奎恩·达菲 凡妮莎·万德·普卢姆 Eyad Elbitar 弗拉基米尔·特夫洛夫斯基 丹尼·皮尔斯 Dailyn Matthews 杰米·莫耶,False
4.5 25,2766,https://img3.doubanio.com/view/photo/s_ratio_poster/public/p564132460.jpg,True,3874981,动作 科幻 惊悚,中国香港 中国大陆,全城戒备,https://movie.douban.com/subject/3874981/,2010-08-06,12,39880,4.5,郭富城 舒淇 邹兆龙 张静初 吴京 张宝雯 铁男 元华 周秀娜 尹子维 赵俊承 方志驹,False
4.5 25,2767,https://img3.doubanio.com/view/photo/s_ratio_poster/public/p2239463272.jpg,True,4014396,动作 科幻 冒险,美国 英国 德国,神奇四侠2015,https://movie.douban.com/subject/4014396/,2015-08-07,18,36153,4.5,迈尔斯·特勒 凯特·玛拉 迈克尔·B·乔丹 杰米·贝尔 蒂姆·布雷克·尼尔森 托比·凯贝尔 雷格·E·凯蒂 玛丽·蕾切尔·达德利 唐·耶索 兰斯·E·尼克尔斯 马科·圣约翰 安东尼·雷诺兹 切特·汉克斯 韦恩·佩雷 本杰明·帕帕克 本·范德梅 埃文·汉纳曼 肖娜·拉波尔德,False
4.5 25,2768,https://img9.doubanio.com/view/photo/s_ratio_poster/public/p2496360864.jpg,True,26348414,剧情 动作 犯罪 悬疑,中国香港 中国大陆,追捕,https://movie.douban.com/subject/26348414/,2017-11-24,17,29410,4.5,张涵予 福山雅治 戚薇 河智苑 国村隼 竹中直人 仓田保昭 斋藤工 吴飞霞 樱庭奈奈美 池内博之 冈本多绪 德永邦治 矢岛健一 田中圭 中村让 吉泽悠,False
4.5 25,2769,https://img9.doubanio.com/view/photo/s_ratio_poster/public/p2069500674.jpg,True,4237863,动作 爱情 犯罪,中国大陆,一场风花雪月的事,https://movie.douban.com/subject/4237863/,2013-08-08,11,26257,4.5,杨颖 黄晓明 在熙 巍子 许峻豪 平田康之 谭晓彤 曹卫宇 王奕盛 蒙亭宜 倪大红,False
4.5 25,2770,https://img1.doubanio.com/view/photo/s_ratio_poster/public/p2399994997.jpg,True,26651353,喜剧 动作,中国大陆 韩国 法国,超级快递,https://movie.douban.com/subject/26651353/,2016-12-02,10,17797,4.5,陈赫 宋智孝 大卫·贝利 肖央 李媛 李淳 邰智源 何赛飞 阚清子 秦越,False
4.5 25,2771,https://img1.doubanio.com/view/photo/s_ratio_poster/public/p2441013548.jpg,True,25881615,动作 科幻 冒险,美国 中国香港 加拿大,超凡战队,https://movie.douban.com/subject/25881615/,2017-05-12,22,17587,4.5,戴克·蒙哥马利 娜奥米·斯科特 RJ·赛勒 林路迪 贝姬·戈麦斯 伊丽莎白·班克斯 布莱恩·科兰斯顿 比尔·哈德尔 马特·夏夫利 科迪·基尔斯利 大卫·丹曼 罗伯特·莫隆尼 安贾莉·杰 莎拉·格雷 摩根·泰勒·坎贝尔 艾米·乔·约翰逊 杰森·弗兰克 尼科·格莱瑟姆 帕特里克·萨邦圭 卡罗琳·凯芙 艾米莉·麦迪森 雅南,False
4.5 25,2772,https://img3.doubanio.com/view/photo/s_ratio_poster/public/p2576728533.jpg,True,30357885,动作 冒险 灾难,中国大陆,天·火,https://movie.douban.com/subject/30357885/,2019-12-12,15,14334,4.5,王学圻 昆凌 窦骁 詹森·艾萨克 柏安 纪凌尘 石凉 爱丽丝·里特韦尔 李一情 比兰德·罗杰斯 马昕墨 侯桐江 陈依琪 郎永淳 吴汉钧,False
4.5 25,2773,https://img3.doubanio.com/view/photo/s_ratio_poster/public/p2263282492.jpg,True,1921686,动作 犯罪 奇幻 惊悚,加拿大 英国 美国 日本,街头霸王: 春丽传奇,https://movie.douban.com/subject/1921686/,2009-02-25,13,9748,4.5,克斯汀·克鲁克 迈克·克拉克·邓肯 克里斯·克莱因 郑佩佩 陈之财 尼尔·麦克唐纳 仇云波 穆恩·布拉得古德 何超仪 Taboo 克里斯塔尔·维 蒂姆·曼 仲里依纱,False
4.5 25,2774,https://img1.doubanio.com/view/photo/s_ratio_poster/public/p2522412288.jpg,True,30207949,动作 武侠,中国大陆,黄飞鸿之南北英雄,https://movie.douban.com/subject/30207949/,2018-05-18,10,6326,4.5,赵文卓 唐文龙 韦娜 李璐兵 陈晨 李炳渊 魏小欢 许政国 Chen Chen Ni Wei,False
4.5 25,2775,https://img3.doubanio.com/view/photo/s_ratio_poster/public/p2551252121.jpg,True,26909787,动作,泰国 中国大陆 中国香港 美国,三重威胁之跨国大营救,https://movie.douban.com/subject/26909787/,2019-03-29,12,3346,4.5,陈虎 卢靖姗 托尼·贾 伊科·乌艾斯 斯科特·阿金斯 迈克尔·加·怀特 迈克尔·比斯平 杰佳·亚宁 罗恩·斯穆安伯格 王敏德 张光北 多米尼克·范登博格,False
4.5 25,2776,https://img1.doubanio.com/view/photo/s_ratio_poster/public/p2154087848.jpg,True,24530628,动作 战争,中国大陆,目标战,https://movie.douban.com/subject/24530628/,2013-10-18,7,2985,4.5,吴其江 宁宁 聂远 曹凯 刘之冰 侯世甲 肖婷佳,False
4.5 25,2777,https://img3.doubanio.com/view/photo/s_ratio_poster/public/p936656881.jpg,True,3778238,剧情 动作,中国大陆,歼十出击,https://movie.douban.com/subject/3778238/,2011-03-10,8,2677,4.5,王斑 李光洁 黄奕 胡可 祝新运 宁宁 张宁江 杨潇,False
4.5 25,2778,https://img3.doubanio.com/view/photo/s_ratio_poster/public/p2314300491.jpg,False,26299473,动作 科幻 惊悚,美国,病毒入侵,https://movie.douban.com/subject/26299473/,2016-04-01,9,1294,4.5,阿尔菲·艾伦 瑞秋·尼科尔斯 米西·派勒 梅奇·费法 丹妮尔·罗丝·拉塞尔 保罗·吉尔福伊尔 多米尼克·博加特 阿曼达·贝克 Robert Lewis Stephenson,False
4.5 25,2779,https://img3.doubanio.com/view/photo/s_ratio_poster/public/p2190139012.jpg,False,2968852,动作 惊悚,美国,王子,https://movie.douban.com/subject/2968852/,2014-08-22,12,1139,4.5,布鲁斯·威利斯 约翰·库萨克 塔拉·霍尔特 杰西卡·朗德斯 50分 杰森·帕特里克 乔纳森·斯卡奇 吉亚·曼特加 郑智薰 蒂姆·菲尔德斯 大卫·戈登 杰西·普鲁特,False
4.4 25,2780,https://img3.doubanio.com/view/photo/s_ratio_poster/public/p2507566212.jpg,True,26661191,动作 奇幻,中国大陆 中国香港,奇门遁甲,https://movie.douban.com/subject/26661191/,2017-12-14,22,110216,4.4,大鹏 倪妮 李治廷 周冬雨 伍佰 柳岩 许明虎 杨一威 谢苗 孙明明 黄晓明 元武 王宇泽 张林 江约诚 杨皓宇 梁超 潘斌龙 释彦能 张艺骞 淳于珊珊 田启文,False
4.4 25,2781,https://img3.doubanio.com/view/photo/s_ratio_poster/public/p2240845701.jpg,True,25908042,喜剧 动作 冒险,中国大陆 中国香港 美国,横冲直撞好莱坞,https://movie.douban.com/subject/25908042/,2015-06-26,26,78020,4.4,赵薇 黄晓明 佟大为 黎一墨 姜成镐 西蒙·赫尔伯格 凯特·戴琳斯 罗伯特·帕特里克 斯蒂芬·托布罗斯基 瑞斯·考罗 米西·派勒 瑞克·福克斯 丽贝卡·奥莱伊尼恰克 艾丽西娅·维拉-贝利 布莱恩·史密斯 帕维什·齐纳 奥马尔·J·多尔西 布里奇特·莱利 泰瑞斯·吉布森 艾比·沃克 范姜弘青 塔拉·麦肯 克里斯塔尔·桑托斯 弗兰克·爵克 娜达莎·琪 伊娃·拉·戴尔,False
4.4 25,2782,https://img1.doubanio.com/view/photo/s_ratio_poster/public/p1388842478.jpg,True,3892449,喜剧 动作 武侠 古装,中国大陆,熊猫大侠,https://movie.douban.com/subject/3892449/,2009-11-19,15,26912,4.4,刘桦 阿朵 邓家佳 任泉 李晓川 李昌元 吴佩慈 何炅 矢野浩二 李彧 吉杰 施宁 杨皓宇 韦炜 黄艺馨,False
4.4 25,2783,https://img9.doubanio.com/view/photo/s_ratio_poster/public/p1229098496.jpg,True,3304014,动作 喜剧,中国 中国香港,追影,https://movie.douban.com/subject/3304014/,2009-07-30,5,23243,4.4,吴镇宇 吴佩慈 房祖名 谢娜 马京京,False
4.4 25,2784,https://img3.doubanio.com/view/photo/s_ratio_poster/public/p2520457270.jpg,True,26924141,剧情 动作 犯罪 悬疑,中国大陆 中国香港,低压槽：欲望之城,https://movie.douban.com/subject/26924141/,2018-04-28,14,14678,4.4,张家辉 徐静蕾 何炅 余男 苗侨伟 元华 林雪 张可颐 伍允龙 倪大红 高战 秦沛 李咏珊 维他亚·潘斯林加姆,False
4.4 25,2785,https://img9.doubanio.com/view/photo/s_ratio_poster/public/p2521514516.jpg,True,26949264,动作 冒险,美国,深海越狱,https://movie.douban.com/subject/26949264/,2018-06-08,19,9606,4.4,尚格·云顿 杜夫·龙格尔 杰思敏·沃兹 帕特里克·基尔帕特里克 阿尔·萨皮恩扎 克里斯·云顿 兰斯·E·尼克尔斯 亚历山大·维舍尔鲍默 考特尼·B·特克 卡塔尔·彭德莱 马克·希曼  伊恩·奈尔斯 约翰·波西 亚伦·奥康奈尔 杰姆斯·班尼特 瓦内萨·莫达 汤姆·德努奇 唐迪·塔格韦尔 安迪·勒布尔,False
4.4 25,2786,https://img3.doubanio.com/view/photo/s_ratio_poster/public/p1568263160.jpg,True,6957227,喜剧 动作 爱情,中国大陆 中国台湾,宝岛双雄,https://movie.douban.com/subject/6957227/,2012-06-08,9,6252,4.4,房祖名 夏雨 陈汉典 邓家佳 张菲 锦荣 杰西卡·C 蓝钧天 黄瀞怡,False
4.4 25,2787,https://img3.doubanio.com/view/photo/s_ratio_poster/public/p2173435730.jpg,True,2996752,动作 犯罪 剧情 惊悚,美国,纽约行动,https://movie.douban.com/subject/2996752/,2012-04-13,13,3441,4.4,斯科特·阿金斯 伊原刚志 肘井美佳 伊川东吾 迈尔斯·安德森 Kenji Motomiya 凯瑟琳·勒 哈里·阿尼奇金 莱乔·瓦斯列夫 尼古拉·索蒂罗夫 阿森·布拉特奇基 瓦伦丁·加内夫 沃利扎·比尼夫,False
4.4 25,2788,https://img3.doubanio.com/view/photo/s_ratio_poster/public/p2274973501.jpg,True,22556810,喜剧 动作,中国香港 中国大陆,猛龙特囧,https://movie.douban.com/subject/22556810/,2015-10-23,22,2989,4.4,胡耀辉 郑中基 雨侨 杨建平 王传君 张继聪 苏民峰 张驰 邹文正 何华超 田启文 梁嘉琪 刘江 郑子诚 黄建东 杨尚斌 张暖雅 温超 夏尉喻 尹光 麦玲玲 叶景文,False
4.4 25,2789,https://img9.doubanio.com/view/photo/s_ratio_poster/public/p2191242424.jpg,False,11606343,动作 悬疑 情色,日本,SP女探员 美之祭品,https://movie.douban.com/subject/11606343/,2012-02-24,3,1560,4.4,吉泽明步 星野光 中野刚,False
4.4 25,2790,https://img3.doubanio.com/view/photo/s_ratio_poster/public/p2511158301.jpg,True,26925547,动作 科幻,加拿大,人类办事处,https://movie.douban.com/subject/26925547/,2017-11-14,7,1500,4.4,尼古拉斯·凯奇 休·狄伦 维斯勒·夏农 杰特·克莱恩 莎拉·林德 大卫洛夫格伦 梅尔·塔克,False
4.4 25,2791,https://img9.doubanio.com/view/photo/s_ratio_poster/public/p2541813555.jpg,True,27596834,喜剧 动作,中国大陆,四平青年之喋血曼谷,https://movie.douban.com/subject/27596834/,2018-12-08,3,1255,4.4,张浩 邹兆龙 柏华力·莫高彼斯彻,False
4.4 25,2792,https://img1.doubanio.com/view/photo/s_ratio_poster/public/p2520175957.jpg,False,27040826,动作,美国,代码211,https://movie.douban.com/subject/27040826/,2018-06-01,8,1174,4.4,尼古拉斯·凯奇 索菲亚·斯凯尔顿 Dwayne Cameron 温斯顿·凯奇 科里·哈德里克 阿曼达·瑟妮 迈克尔·贝利萨里奥 亚历桑德拉·迪努,False
4.3 25,2793,https://img1.doubanio.com/view/photo/s_ratio_poster/public/p2267502788.jpg,True,24827406,动作 惊悚 冒险,中国大陆,九层妖塔,https://movie.douban.com/subject/24827406/,2015-09-30,15,164132,4.3,赵又廷 姚晨 凤小岳 李晨 唐嫣 冯瓅 李光洁 王庆祥 吴军 王德顺 高玉玺 李嘉文 李菁 易小星 张诣文含,False
4.3 25,2794,https://img9.doubanio.com/view/photo/s_ratio_poster/public/p2166490265.jpg,True,5317291,动作 奇幻,中国大陆 中国香港,西游记之大闹天宫,https://movie.douban.com/subject/5317291/,2014-01-31,25,125961,4.3,甄子丹 周润发 郭富城 何润东 海一天 夏梓桐 陈乔恩 陈慧琳 梁咏琪 张梓琳 郑家星 刘桦 张兆辉 罗仲谦 李菁 汪圆圆 梁雨恩 刘浠希 刘梦娜 福海 吴汉章 刘双宁 张优 樊少皇 李立宏,False
4.3 25,2795,https://img9.doubanio.com/view/photo/s_ratio_poster/public/p2224452276.jpg,True,25713420,动作 爱情 奇幻,中国大陆 中国香港 美国,钟馗伏魔：雪妖魔灵,https://movie.douban.com/subject/25713420/,2015-02-19,11,73270,4.3,陈坤 李冰冰 赵文瑄 杨子姗 包贝尔 吉克隽逸 任娇 周笑琴 鲍德熹 麦迪娜 苏盛华,False
4.3 25,2796,https://img1.doubanio.com/view/photo/s_ratio_poster/public/p2493908018.jpg,True,25857966,喜剧 动作 爱情 奇幻,中国大陆 中国香港,鲛珠传,https://movie.douban.com/subject/25857966/,2017-08-11,19,34196,4.3,王大陆 张天爱 任达华 盛冠森 王迅 赵健 刘俊孝 释彦能 胡兵 何穗 蒋璐霞 杜奕衡 周一围 法志远 杨青竹 杨乾龙 吴了了 程枫 陈喆伦,False
4.3 25,2797,https://img1.doubanio.com/view/photo/s_ratio_poster/public/p2502474177.jpg,True,26316956,剧情 动作 战争,中国大陆,密战,https://movie.douban.com/subject/26316956/,2017-11-03,19,26921,4.3,郭富城 赵丽颖 张翰 任达华 张蓝心 朱一龙 于晓光 刘玥心 奚美娟 寇振海 由立平 安亚平 孙耀威 曹操 李滨 涂黎曼 艾如 王子谦 高嘉隆,False
4.3 25,2798,https://img9.doubanio.com/view/photo/s_ratio_poster/public/p2315662314.jpg,True,21324299,动作 科幻 惊悚,美国 加拿大,末日迷踪,https://movie.douban.com/subject/21324299/,2016-02-26,19,9604,4.3,尼古拉斯·凯奇 查德·迈克尔·墨瑞 卡西·汤普森 妮基·韦兰 乔丁·斯巴克斯 莉·汤普森 昆东·亚伦 马丁·科勒巴 劳拉·凯洛蒂 威廉·罗格斯戴尔 唐尼·波阿斯 兰斯·E·尼克尔斯 斯蒂芬妮·奥诺雷 贾德·罗德曼 塞布丽娜·杰那利诺 约翰·麦康奈尔 加里·格鲁布斯 阿什丽·提斯代尔 莎娜·福斯塔尔,False
4.3 25,2799,https://img3.doubanio.com/view/photo/s_ratio_poster/public/p2535268700.jpg,True,26816372,动作 奇幻 古装,中国大陆,古剑奇谭之流月昭明,https://movie.douban.com/subject/26816372/,2018-10-01,11,7812,4.3,王力宏 宋茜 高以翔 高圣远 吴千语 张智霖 柳岩 李媛 伍嘉成 那威 纪焕博,False
4.3 25,2800,https://img3.doubanio.com/view/photo/s_ratio_poster/public/p544535503.jpg,True,3824500,剧情 喜剧 动作 爱情 武侠 古装,中国大陆,魔侠传之唐吉可德,https://movie.douban.com/subject/3824500/,2010-10-15,7,6732,4.3,刘桦 巴多 王刚 郭涛 林嘉欣 英壮 莫小棋,False
4.3 25,2801,https://img1.doubanio.com/view/photo/s_ratio_poster/public/p2422372719.jpg,True,26745334,剧情 动作,中国大陆,游戏规则,https://movie.douban.com/subject/26745334/,2017-02-10,7,5731,4.3,何润东 黄子韬 古力娜扎 王学圻 秋瓷炫 高捷 师鹏,False
4.3 25,2802,https://img3.doubanio.com/view/photo/s_ratio_poster/public/p1702837352.jpg,True,3829512,动作 惊悚,中国香港,灭门,https://movie.douban.com/subject/3829512/,2010-01-21,14,4902,4.3,任达华 安志杰 廖碧儿 蒋璐霞 陈惠敏 张文慈 熊欣欣 张兆辉 卢惠光 崔桐侥 王天林 林雪 黎诺懿 韩春,False
4.3 25,2803,https://img3.doubanio.com/view/photo/s_ratio_poster/public/p619656443.jpg,True,1851480,动作 冒险 剧情 奇幻,芬兰 荷兰 中国 爱沙尼亚,玉战士,https://movie.douban.com/subject/1851480/,2006-10-13,7,2948,4.3,张静初 托米·艾荣恩 成泰燊 马库·佩尔托拉 克里斯塔·科索恩 Pirkko Hämäläinen Elle Kull,False
4.3 25,2804,https://img9.doubanio.com/view/photo/s_ratio_poster/public/p2275835746.jpg,False,2137080,动作 喜剧 恐怖,英国,女同志吸血鬼杀手,https://movie.douban.com/subject/2137080/,2009-03-20,15,2594,4.3,希薇娅·克洛卡 马修·豪勒 露西·加丝凯 Sianad Gregory 特拉维斯·奥利弗 露易丝·迪伦 阿什丽·穆赫隆 詹姆斯·柯登 爱默·肯尼 蒂凡妮·穆赫隆 薇拉·菲拉托娃 保罗·麦甘恩 保罗·沃伦 玛安娜·本灵 苏西·阿米,False
4.3 25,2805,https://img3.doubanio.com/view/photo/s_ratio_poster/public/p2266113283.jpg,True,26005517,动作 犯罪 悬疑,中国大陆,别有动机,https://movie.douban.com/subject/26005517/,2015-09-17,9,2189,4.3,林家栋 秦岚 任达华 高圣远 刘威 苗雅宁 高鑫 屈菁菁 任山,False
4.3 25,2806,https://img1.doubanio.com/view/photo/s_ratio_poster/public/p2184221867.jpg,False,1299610,动作 科幻,美国,地球战场,https://movie.douban.com/subject/1299610/,2000-05-12,16,1903,4.3,约翰·特拉沃尔塔 巴里·佩珀 福里斯特·惠特克 金·寇兹 Rejean Denoncourt Nadine Corde 理查德·泰森 John Topor 迈克尔·麦克雷 玛丽-乔西·克罗兹 凯利·普雷斯顿 袁罗素 Robert Higden Craig Gauthier 迈克尔·伯恩 吉姆·麦司奇门,False
4.2 25,2807,https://img1.doubanio.com/view/photo/s_ratio_poster/public/p2309171908.jpg,True,26334559,喜剧 动作,中国香港 中国大陆,澳门风云3,https://movie.douban.com/subject/26334559/,2016-02-08,34,112662,4.2,周润发 刘德华 张家辉 张学友 余文乐 李宇春 刘嘉玲 王诗龄 向佐 胡然 元秋 朴载相 童飞 罗家英 卢海鹏 玛利亚 韩昕怡 杨柳青 林珊珊 廖殷曼 黄雪儿 陈振华 麦嘉欣 叶苏霖 崔碧珈 曾国祥 姜皓文 文咏珊 姜大卫 江美仪 向华强 徐冬冬 张虹一 维多利亚,False
4.2 25,2808,https://img1.doubanio.com/view/photo/s_ratio_poster/public/p2526215398.jpg,True,27149818,喜剧 动作,中国大陆,胖子行动队,https://movie.douban.com/subject/27149818/,2018-09-30,14,67177,4.2,文章 包贝尔 郭京飞 李成敏 辣目洋子 许君聪 曾一竣 张梦露 戚玉武 仓田保昭 木幡龙 宋佳 文隽 翟磊,False
4.2 20,2809,https://img3.doubanio.com/view/photo/s_ratio_poster/public/p2153376390.jpg,True,23126901,动作 犯罪,中国大陆,特殊身份,https://movie.douban.com/subject/23126901/,2013-10-18,19,62358,4.2,甄子丹 景甜 安志杰 张涵予 郑中基 邹兆龙 鲍起静 卢惠光 吴志雄 杨志刚 何华超 尹子维 黄金棠 苏伟南 陈伟 喻亢 亓达吉 麦长青 罗伟佳,False
4.2 25,2810,https://img1.doubanio.com/view/photo/s_ratio_poster/public/p1597988417.jpg,True,2009342,动作 剧情 奇幻 恐怖 惊悚,韩国,龙之战,https://movie.douban.com/subject/2009342/,2008-05-13,25,17923,4.2,杰森·贝尔 阿曼达·布鲁克斯 罗伯特·福斯特 Craig Anton 妮可·罗宾逊 比利·加德尔 迈克尔·肖姆斯·维尔斯 斯科特·朗斯福德 埃美·加西亚 科迪艾伦斯 伊丽莎白·佩纳 Hyun Jin Park 克雷格·罗宾森 吉奥夫·皮尔森 霍尔姆斯·奥斯本 约翰·埃尔斯 凯文·布雷斯纳汉 杰米·凯勒 埃洛·卡萨多斯 Rob Roy Fitzgerald 克里斯·马尔基 德里克·梅耶斯 安东尼·莫利纳利 Matthias Hues 刘可莉,False
4.2 25,2811,https://img3.doubanio.com/view/photo/s_ratio_poster/public/p2231804283.jpg,True,20253940,动作 古装,中国大陆 加拿大 美国,白幽灵传奇之绝命逃亡,https://movie.douban.com/subject/20253940/,2015-04-03,27,11466,4.2,海登·克里斯滕森 尼古拉斯·凯奇 刘亦菲 安志杰 苏嘉航 阿诺佳·迪亚茨·博尔特 吉克隽逸 王锦函 罗恩·斯穆安伯格 保罗·菲利普·克拉克 石凉 赵立新 拜伦·劳森 阿拉·萨菲 Jawed El Berni 范德·麦克劳德 Preston Baker 乔·埃德里安 西蒙·钱 艾文·科蒂克 勃小龙 闫龙飞 托马尔·奥兹 霸易 Manel Soler 弗雷德里克·叶德斯特罗姆 费尔南多·钱,False
4.2 20,2812,https://img1.doubanio.com/view/photo/s_ratio_poster/public/p2505644718.jpg,True,26764514,动作 科幻,荷兰 德国 美国,末日重启,https://movie.douban.com/subject/26764514/,2017-12-01,9,5624,4.2,丹·史蒂文斯 贝纳尼丝·玛尔洛 麦克·鲁斯 巴斯·凯杰泽 泰格·格南德特 吉斯·舒尔腾·范·艾查特 查丽蒂·维克菲尔德 卡斯帕·范·格里森 麦克·利伯农,False
4.2 25,2813,https://img3.doubanio.com/view/photo/s_ratio_poster/public/p2156476151.jpg,True,22555690,动作 犯罪,中国香港 中国大陆,冲锋战警,https://movie.douban.com/subject/22555690/,2013-11-01,13,4182,4.2,任达华 李灿森 邵美琪 林雪 王紫逸 牛萌萌 卢惠光 李曼筠 卢海鹏 张兆辉 李金江 郑丽莎 税瀞熙,False
4.2 20,2814,https://img1.doubanio.com/view/photo/s_ratio_poster/public/p2263531249.jpg,False,5150156,动作 冒险,英国,雇佣兵,https://movie.douban.com/subject/5150156/,2012-08-03,10,2491,4.2,肖恩·宾 文·瑞姆斯 多米尼克·莫纳汉 克里斯蒂安·史莱特 詹姆斯·克伦威尔 科尔姆·米尼 弗莱迪·罗德里格兹 瑞恩·唐洛胡 查理·比尤利 格纳迪·文格洛夫,False
4.2 25,2815,https://img3.doubanio.com/view/photo/s_ratio_poster/public/p2557265183.jpg,False,30463515,动作 历史 战争,中国大陆,八子,https://movie.douban.com/subject/30463515/,2019-06-21,7,2414,4.2,刘端端 邵兵 岳红 何润东 程媛媛 于滨 高强,False
4.2 20,2816,https://img1.doubanio.com/view/photo/s_ratio_poster/public/p2369079478.jpg,True,26721322,喜剧 动作,中国大陆,龙拳小子,https://movie.douban.com/subject/26721322/,2016-08-02,21,1847,4.2,刘芮麟 林秋楠 童飞 梁超 吴永伦 余薇薇 郝怡霖 王皓祯 陈浩民 金巧巧 曹云金 李尚翼 鄂靖文 刘闯 张欣源 魏炜 王韦程 高爽 徐亚洲 孙征宇 Wei Wang,False
4.2 20,2817,https://img9.doubanio.com/view/photo/s_ratio_poster/public/p2222384116.jpg,False,25962732,动作 历史 战争 奇幻 冒险,美国,蝎子王4：争权夺利,https://movie.douban.com/subject/25962732/,2015-01-06,16,1838,4.2,霍伊斯·格雷西 迈克尔·比恩 鲁特格尔·哈尔 卢·弗里基诺 维克多·韦伯斯特 埃斯梅·比安科 巴瑞·波斯威克 伊恩·怀特 艾伦·霍尔曼 威尔·坎普 伊芙·托雷斯 唐龙·威尔逊 布兰登·哈代斯蒂 史蒂芬·邓利维 朱利安·斯通 乔治·雷米斯,False
4.2 25,2818,https://img3.doubanio.com/view/photo/s_ratio_poster/public/p1310075711.jpg,False,6396689,剧情 动作 爱情,中国大陆 中国香港,赛车传奇,https://movie.douban.com/subject/6396689/,2011-12-02,6,1700,4.2,窦骁 信 王柏杰 曾志伟 张钧甯 张溪芸,False
4.2 20,2819,https://img9.doubanio.com/view/photo/s_ratio_poster/public/p2204770265.jpg,True,25962762,动作 犯罪 悬疑,中国大陆,狙击时刻,https://movie.douban.com/subject/25962762/,2014-10-24,6,1402,4.2,宋洋 杨钧丞 王仲欣 梦丽 马东延 冉天,False
4.2 20,2820,https://img9.doubanio.com/view/photo/s_ratio_poster/public/p2522418974.jpg,True,27043980,动作 冒险 家庭,澳大利亚,我的宠物恐龙,https://movie.douban.com/subject/27043980/,2018-05-31,15,1374,4.2,乔丹·杜力乌 Annabel Wolfe Scott Irwin Beth Champion Rowland Holmes Christopher Gabardi Harrison Saunders Tom Rooney Sam Winspear-Schillings Jack Mars Darius Williams Tiriel Mora 斯蒂芬·戴维斯 琼妮·萨缪尔 大卫·罗伯茨,False
4.2 25,2821,https://img3.doubanio.com/view/photo/s_ratio_poster/public/p2247443821.jpg,True,25896040,动作,中国大陆 中国香港,搏击迷城,https://movie.douban.com/subject/25896040/,2015-06-05,10,1272,4.2,陈伟霆 赵柯 李菲儿 渡边奈绪子 斯琴高娃 郑佩佩 李依馨 刘兆铭 刘丹 郑丽莎,False
4.2 20,2822,https://img3.doubanio.com/view/photo/s_ratio_poster/public/p1992570970.jpg,True,3558655,动作 冒险,俄罗斯,护宝娇娃,https://movie.douban.com/subject/3558655/,2009-03-06,1,1085,4.2,德米特里·纳吉耶夫,False
4.1 20,2823,https://img9.doubanio.com/view/photo/s_ratio_poster/public/p2208551645.jpg,True,24530939,剧情 动作 犯罪 悬疑 惊悚,美国,骇客交锋,https://movie.douban.com/subject/24530939/,2015-01-16,25,5107,4.1,克里斯·海姆斯沃斯 汤唯 王力宏 维奥拉·戴维斯 安志杰 霍特·麦克卡兰尼 里特奇·科斯特 布兰顿·莫拉勒 杰森·巴特勒·哈纳 高圣远 张兆辉 萨拉·芬利 石凉 克里斯蒂安·鲍勒 朱莉娅·尼克森 黄竣锋 乔恩·埃里克·霍夫曼 金·肯德尔 约里克·范·韦杰宁根 曼尼·蒙塔纳 约翰·奥提兹 威廉·麦鲍瑟 斯宾塞·加雷特 特雷西·齐默 索菲亚·桑蒂,False
4.1 20,2824,https://img1.doubanio.com/view/photo/s_ratio_poster/public/p1751543179.jpg,False,11604454,动作,美国,红色黎明,https://movie.douban.com/subject/11604454/,2012-11-21,29,3605,4.1,克里斯·海姆斯沃斯 伊莎贝尔·卢卡斯 乔什·哈切森 乔希·佩克 阿德琳妮·帕里奇 杰弗里·迪恩·摩根 Daryl M. Simpson Spencer Strong Smith 李威尹 辛迪·朱 费尔南多·钱 Johnathon VanDusen P.J. Edwards Eric Tuchelske 康纳·克鲁斯 肯尼斯·崔 袁文忠 迈克尔·比奇 布莱特·卡伦 艾尔莎·迪亚茨 何松柏 Jason Smith Mark Schlereth Misty Mills 诺亚·史密斯 Adam DeFilippi Amanda Wright Josh Jones 艾德文·霍德吉,False
4.1 20,2825,https://img3.doubanio.com/view/photo/s_ratio_poster/public/p1354751420.jpg,False,10048734,动作 奇幻 冒险,美国,蝎子王3：救赎之战,https://movie.douban.com/subject/10048734/,2012-01-17,7,2824,4.1,约翰·哈尔夫 杰弗里·朱利亚诺 克里斯塔尔·维 凯文·费格斯 比利·赞恩 朗·普尔曼 维克多·韦伯斯特,False
4.1 20,2826,https://img1.doubanio.com/view/photo/s_ratio_poster/public/p2499558918.jpg,True,25891853,动作 战争 科幻,英国,铁甲战神,https://movie.douban.com/subject/25891853/,2018-11-30,16,1592,4.1,李·佩斯 贝纳尼丝·玛尔洛 艾米·路易斯·威尔逊 杰森·弗莱明 思布莱丽·吉思莱塔那 肯尼思·霍 汤姆·费尔富特 艾伦·桑蒂尼 万迪莱·莫尔巴西 塞科蒂·SK·塔巴内 Leroy Gopal Welile Nzunza Patrick Bakoba Ben Tjibe Chantal Herman Barileng Malebye,False
4.1 20,2827,https://img3.doubanio.com/view/photo/s_ratio_poster/public/p2196508361.jpg,False,25906938,动作,美国,性感女特工2,https://movie.douban.com/subject/25906938/,2014,5,1504,4.1,斯科特·麦克洛维茨 阿方索·麦考利 雯特·艾娃·佐莉 瓦妮莎·布兰奇 Maria Rogers,False
4.1 20,2828,https://img1.doubanio.com/view/photo/s_ratio_poster/public/p2518784068.jpg,True,30190449,动作 科幻 恐怖,美国,深海狂鲨2,https://movie.douban.com/subject/30190449/,2018-04-12,4,1430,4.1,丹妮尔·萨夫雷 罗勃·梅耶斯 迈克尔·比奇 达伦-迈耶,False
4.1 20,2829,https://img3.doubanio.com/view/photo/s_ratio_poster/public/p2539192381.jpg,True,26847920,动作 冒险,中国大陆,破梦游戏,https://movie.douban.com/subject/26847920/,2018-11-09,11,1276,4.1,陈都灵 宋威龙 张宥浩 盖玥希 曹曦文 高圣远 金世佳 吕绍聪 佟大为 苏芒 彭冠英,False
4.1 20,2830,https://img3.doubanio.com/view/photo/s_ratio_poster/public/p1621429170.jpg,True,10449555,剧情 动作,中国大陆,热血街头,https://movie.douban.com/subject/10449555/,2012-07-20,6,1084,4.1,李斯丹妮 柯有伦 王传君 隋凯 陈乔希 张成名,False
4.1 20,2831,https://img9.doubanio.com/view/photo/s_ratio_poster/public/p2526984156.jpg,True,27107604,动作 古装,中国大陆,天下第一镖局,https://movie.douban.com/subject/27107604/,2018-08-24,32,1022,4.1,樊少皇 车永莉 释彦能 施南 吕良伟 陈之辉 史洪波 巴多 王海祥 徐冬梅 容尔甲 孙明明 李炳雷 答有为 连凯 周浩东 卢惠光 陈超  梁家仁 张宝雯 李炳渊 李长海 张家荣 张衡 李沛泽 田雨晴 陶日金 蒋列 胡蓉蓉 张佳维 金博涵 何梓铭,False
4.0 20,2832,https://img3.doubanio.com/view/photo/s_ratio_poster/public/p2363748602.jpg,True,1457319,动作 冒险 喜剧,中国大陆,一石二鸟,https://movie.douban.com/subject/1457319/,2005-01-16,11,17407,4.0,吴宗宪 吴孟达 雪村 林心如 曾志伟 高虎 胡立成 林芳雪 陈龙 陈宣裕 吴京,False
4.0 20,2833,https://img1.doubanio.com/view/photo/s_ratio_poster/public/p1609903887.jpg,True,10828426,动作 爱情,中国香港,绝色武器,https://movie.douban.com/subject/10828426/,2012-07-13,9,6437,4.0,谢婷婷 安志杰 洪金宝 伍允龙 贝安琪 黄秋生 陈雅伦 蒋璐霞 林佳陵,False
4.0 20,2834,https://img9.doubanio.com/view/photo/s_ratio_poster/public/p2544422785.jpg,False,26266924,剧情 动作 战争,中国大陆,中国推销员,https://movie.douban.com/subject/26266924/,2017-06-16,9,2864,4.0,李东学 安妮克·阿斯克渥德 迈克·泰森 李艾 史蒂文·席格 王自健 克罗维斯·弗昂 艾瑞克·艾伯纳尼 王丹,False
4.0 20,2835,https://img3.doubanio.com/view/photo/s_ratio_poster/public/p722182813.jpg,False,4807486,动作 恐怖,日本,巨乳娘战僵尸,https://movie.douban.com/subject/4807486/,2010,6,2583,4.0,山田豆 吉行由实 苍井空 Keisuke Urushizaki 辻本一树 樱井麻里,False
4.0 20,2836,https://img9.doubanio.com/view/photo/s_ratio_poster/public/p2207925005.jpg,False,26199884,动作,日本,机甲女神之究极神兵,https://movie.douban.com/subject/26199884/,2015-01-17,7,1377,4.0,亚纱美 明日花绮罗 岩永洋昭 森下悠里 岸明日香 河合龙之介 佐藤良洋,False
4.0 20,2837,https://img1.doubanio.com/view/photo/s_ratio_poster/public/p2356282067.jpg,False,6964060,动作 恐怖,美国 英国,僵尸启示录：救赎,https://movie.douban.com/subject/6964060/,2011-10-09,2,1159,4.0,莱斯丽-安·布莱德 约翰尼·帕卡,False
3.9 20,2838,https://img1.doubanio.com/view/photo/s_ratio_poster/public/p1269672877.jpg,True,6068516,喜剧 动作 爱情 奇幻 音乐,中国大陆 中国香港,东成西就2011,https://movie.douban.com/subject/6068516/,2011-11-24,38,52373,3.9,陈奕迅 莫文蔚 钟镇涛 黄奕 郑伊健 谭维维 苏永康 房祖名 邓丽欣 钟绍图 李宗盛 方力申 林二汶 林一峰 唐嫣 杨幂 范逸臣 赵芳华 安琥 马剑棋 马剑琴 王太利 钟懿 肖央 钟国雄 肖雪媛 夏健龙 夏利奥 叶智强 缪杰 薛之谦 陈友 谭咏麟 乔任梁 马天宇 王子子 韩栋 何美钿,False
3.9 20,2839,https://img9.doubanio.com/view/photo/s_ratio_poster/public/p920569324.jpg,True,4707585,剧情 动作 爱情 战争 悬疑 古装,中国大陆,战国,https://movie.douban.com/subject/4707585/,2011-04-12,25,37422,3.9,孙红雷 景甜 金喜善 吴镇宇 中井贵一 姜武 黄海冰 雪村 郭德纲 余皑磊 孙浩 徐忱 聂霸虎 刘浠希 冯恩鹤 冯玉玺 何沄伟 雷恪生 张笑君 徐娇 马精武 刘亚津 郝好 方子哥 白红标,False
3.9 20,2840,https://img9.doubanio.com/view/photo/s_ratio_poster/public/p2390833166.jpg,True,26220722,剧情 动作 犯罪 悬疑,中国大陆 中国香港,惊天破,https://movie.douban.com/subject/26220722/,2016-10-20,15,22674,3.9,谢霆锋 刘青云 佟丽娅 范晓萱 思漩 谭俊彦 高伟光 蔡瀚亿 高捷 邓萃雯 马丁 颜子菲 郭子健 陈曾宁 袁富华,False
3.9 20,2841,https://img3.doubanio.com/view/photo/s_ratio_poster/public/p1570153120.jpg,True,3737278,儿童 喜剧 动作 家庭,中国大陆,寻找成龙,https://movie.douban.com/subject/3737278/,2009-07-03,38,14448,3.9,张一山 成龙 姜宏波 颜丙燕 吴军 余男 周小斌 田华 元华 唐嫣 元秋 袁文霆 吴樾 元彬 元武 张勇手 祝希娟 于蓝 陶玉玲 张一白 苗苗 石小满 秦岚 王学兵 涂经纬 李湘 姚笛 白冰 爱新觉罗·启星 林威 张山 郭柯宇 潘粤明 汤嬿 杨政 元宝 元武 王一剑,False
3.9 20,2842,https://img9.doubanio.com/view/photo/s_ratio_poster/public/p2459069346.jpg,True,26589957,动作 科幻,俄罗斯,守护者：世纪战元,https://movie.douban.com/subject/26589957/,2017-05-19,6,14291,3.9,塞巴斯蒂安·斯萨克 艾琳娜·拉尼娜 安东·庞布施尼 瓦谢斯拉夫·拉贝戈耶夫 桑扎尔·马季耶夫 瓦列里娅·什基兰多,False
3.9 20,2843,https://img1.doubanio.com/view/photo/s_ratio_poster/public/p1805723459.jpg,False,19976063,剧情 动作 犯罪,中国香港,古惑仔：江湖新秩序,https://movie.douban.com/subject/19976063/,2013-01-10,19,5865,3.9,罗仲谦 伍允龙 黄贯中 梁竞徽 沈震轩 林子善 胡然 单立文 万梓良 何浩文 雷宇扬 洪天明 林盛斌 梁敏仪 王璐瑶 辛格·哈提汗·比托 庄思敏 蒋祖曼 黄兴桂,False
3.9 20,2844,https://img3.doubanio.com/view/photo/s_ratio_poster/public/p1830980150.jpg,True,19977815,喜剧 动作 儿童 战争,中国大陆,小小飞虎队,https://movie.douban.com/subject/19977815/,2013-01-25,18,5475,3.9,赵泽文 张一山 小叮咚 胡天阳 丁柳元 谢孟伟 涩谷天马 韩英群 张政勇 祝新运 石小满 岳红 果靖霖 山崎敬一 平田康之 刘琳 萨日娜 侯勇,False
3.9 20,2845,https://img3.doubanio.com/view/photo/s_ratio_poster/public/p2529787833.jpg,True,26767512,喜剧 动作 犯罪,中国大陆 中国香港 美国,解码游戏,https://movie.douban.com/subject/26767512/,2018-08-03,6,4177,3.9,韩庚 凤小岳 李媛 山下智久 廖启智 迈克尔·帕帕约翰,False
3.9 20,2846,https://img1.doubanio.com/view/photo/s_ratio_poster/public/p2574120279.jpg,True,30345846,动作 奇幻 冒险,中国大陆,鬼吹灯之怒晴湘西,https://movie.douban.com/subject/30345846/,2019-11-17,5,3878,3.9,李晟荣 郑冬 林枫烨 付赫安琪 孟展伊,False
3.9 20,2847,https://img1.doubanio.com/view/photo/s_ratio_poster/public/p2395831539.jpg,True,26235351,喜剧 动作,中国香港,辣警霸王花,https://movie.douban.com/subject/26235351/,2016-11-18,38,2071,3.9,岑丽香 郑欣宜 何佩瑜 邓丽欣 杨思琦 杰西卡·C 钱嘉乐 林晓峰 伍允龙 崔碧珈 何佩珉 童冰玉 李元玲 蔡洁 王若伊 伦阿兹 梁琤 陈宛蔚 庄思敏 麦长青 陈俊峰 余晓彤 卢惠光 小肥 马志威 周祉君 袁紫侨 王嘉韵 罗彩萌 刘音 陈嘉桓 唐紫睿 郭思琳 吴云甫 石天欣 叶清方 蔡家元 Terence Teo,False
3.9 20,2848,https://img9.doubanio.com/view/photo/s_ratio_poster/public/p1093129245.jpg,False,2998797,动作 恐怖,日本,御姐玫瑰,https://movie.douban.com/subject/2998797/,2008-04-26,10,2064,3.9,乙黑绘理 川连广明 木下绫菜 逢泽凛 胁知弘 桥本爱实 白善哲 诹访太朗 中村知世 永井朋弥,False
3.9 20,2849,https://img1.doubanio.com/view/photo/s_ratio_poster/public/p2287095388.jpg,True,26331115,动作 惊悚,美国 英国,终极救援,https://movie.douban.com/subject/26331115/,2015-12-18,13,1589,3.9,布鲁斯·威利斯 凯南·鲁兹 吉娜·卡拉诺 D·B·斯威尼 斯蒂芬·考特尔 罗曼·米蒂齐扬 罗伯特·马丁·施泰因贝格 尼古拉斯·M·勒布 大卫·戈登 约翰·多尔 爱德华·J·德尔莫尔三世 丽迪雅·赫尔 克里斯托弗·罗伯·鲍恩,False
3.9 20,2850,https://img1.doubanio.com/view/photo/s_ratio_poster/public/p2197560427.jpg,True,25758705,喜剧 动作 爱情,中国大陆 中国香港,缘来是游戏,https://movie.douban.com/subject/25758705/,2014-09-19,8,1159,3.9,孙坚 林琳奇 马国明 雨书 陈勋奇 温碧霞 李斯丹妮 郑国霖,False
3.8 20,2851,https://img9.doubanio.com/view/photo/s_ratio_poster/public/p2190764206.jpg,True,10807916,动作 爱情 奇幻 武侠 古装,中国大陆 中国香港,白发魔女传之明月天国,https://movie.douban.com/subject/10807916/,2014-07-31,15,71232,3.8,范冰冰 黄晓明 赵文卓 王学兵 倪大红 童瑶 李欣汝 叶童 严屹宽 杜奕衡 赖晓生 赵芷柠 于承惠 魏凯 刘典,False
3.8 20,2852,https://img3.doubanio.com/view/photo/s_ratio_poster/public/p1505302123.jpg,True,3305722,动作 冒险,中国大陆 中国台湾 中国香港,刺陵,https://movie.douban.com/subject/3305722/,2009-12-09,17,62435,3.8,周杰伦 林志玲 陈道明 苗圃 曾志伟 陈楚河 刘畊宏 曾江 黄一飞 刘波 余辛 钢特木尔 李蜜 曾虹畅 郝汉 关晓彤 郭礼杞,False
3.8 20,2853,https://img1.doubanio.com/view/photo/s_ratio_poster/public/p2545389067.jpg,True,27065898,喜剧 动作 奇幻 古装,中国大陆,神探蒲松龄,https://movie.douban.com/subject/27065898/,2019-02-05,19,60540,3.8,成龙 阮经天 钟楚曦 林柏宏 林鹏 乔杉 潘长江 苑琼丹 刘智福 刘智满 刘智堂 姜嫄 姚信子 李东益 金泽元 丁之凯 虞汇源 祝天宇 郝燕飞,False
3.8 20,2854,https://img1.doubanio.com/view/photo/s_ratio_poster/public/p2178288349.jpg,True,6973460,喜剧 动作 奇幻,中国大陆,冰封：重生之门,https://movie.douban.com/subject/6973460/,2014-04-25,26,37146,3.8,甄子丹 王宝强 黄圣依 任达华 喻亢 林雪 张少华 陈浩民 胡明 王宗尧 庄思敏 胡耀辉 雨侨 陈炜 卢海鹏 黄文慧 陈慧慧 包雨萌 陈浩 王文绮 辛格·哈提汗·比托 金刚 邓泰和 钢特木尔 叶景文 刘典,False
3.8 20,2855,https://img1.doubanio.com/view/photo/s_ratio_poster/public/p1527347947.jpg,True,6957273,喜剧 动作 冒险,中国大陆 中国香港,大武当之天地密码,https://movie.douban.com/subject/6957273/,2012-07-06,10,27404,3.8,赵文卓 杨幂 樊少皇 徐娇 杜宇航 鲍起静 方平 王骁 刘家瑜 谭俊彦,False
3.8 20,2856,https://img3.doubanio.com/view/photo/s_ratio_poster/public/p2567213292.jpg,True,27018354,动作 犯罪,美国,金蝉脱壳3：恶魔车站,https://movie.douban.com/subject/27018354/,2019-09-01,24,9478,3.8,西尔维斯特·史泰龙 戴夫·巴蒂斯塔 50分 杰米·金 张晋 戴文·萨瓦 岑勇康 王盛德 丹尼尔·伯哈特 丽迪雅·赫尔 玛莱斯·裘 杰夫·蔡斯 罗伯·德·格鲁特 谢伊·巴克纳 海蒂·莱万多夫斯基 王丹妮 泰勒·乔恩·奥尔森 德方塔·弗里曼 大卫·诺 泰德·威廉姆斯 Jen Sung Outerbridge Darko Ostojic John Catheline 杰西·普鲁特,False
3.8 20,2857,https://img1.doubanio.com/view/photo/s_ratio_poster/public/p2325714098.jpg,False,21264283,剧情 动作,中国大陆,钢刀,https://movie.douban.com/subject/21264283/,2016-05-20,9,3156,3.8,何润东 李东学 夏梓桐 杨奇鸣 田原 赫子铭 宋宁峰 王往 黄天元,False
3.8 20,2858,https://img3.doubanio.com/view/photo/s_ratio_poster/public/p2246997981.jpg,True,3596509,动作 剧情,中国香港 中国,战·无双,https://movie.douban.com/subject/3596509/,2009-05-01,7,2486,3.8,蒋璐霞 李灿森 张兆辉 利沙华 Mike Möller 曾珮瑜 小杉健,False
3.8 20,2859,https://img3.doubanio.com/view/photo/s_ratio_poster/public/p2570125563.jpg,False,30366437,动作 科幻 恐怖,美国,毁灭战士：灭绝,https://movie.douban.com/subject/30366437/,2019-10-01,10,2400,3.8,艾米·曼森 多米尼克·马夫海姆 卢克·阿伦-盖尔 尼娜·伯格曼 杰玛·摩尔 奇迪·阿朱福 路易·曼迪勒 吉娜·菲利普斯 洛丽娜·卡姆布罗瓦 内森·库珀,False
3.8 20,2860,https://img9.doubanio.com/view/photo/s_ratio_poster/public/p637082876.jpg,True,2417346,动作 喜剧 运动,日本 中国香港,少林少女,https://movie.douban.com/subject/2417346/,2008-04-26,25,1751,3.8,柴崎幸 仲村亨 江口洋介 张雨绮 林子聪 田启文 冈村隆史 志贺广太郎 室毅 花形绫沙 磨赤儿 内田慈 渡边奈绪子 凯瑟琳·濑户 永野宗典 松本龟 桂亚沙美 乙黑绘理 泽井美优 与座嘉秋 川冈大次郎 满岛光 富野由悠季 真野裕子 石井正则,False
3.8 20,2861,https://img1.doubanio.com/view/photo/s_ratio_poster/public/p2200683778.jpg,True,2363962,动作 奇幻 武侠 古装,中国大陆 中国香港,西行平妖,https://movie.douban.com/subject/2363962/,1991,7,1517,3.8,贾永泉 陈继铭 杜玉明 穆立新 董志华 王玉清 黄炳强,False
3.8 20,2862,https://img3.doubanio.com/view/photo/s_ratio_poster/public/p2100524291.jpg,True,24532580,动作 科幻 冒险,英国,机器人帝国,https://movie.douban.com/subject/24532580/,2015-03-27,14,1499,3.8,吉莲·安德森 本·金斯利 卡兰·麦克奥利菲 杰拉丁妮·詹姆斯 斯蒂文·麦金托什 塔梅尔·哈桑 克雷格·加纳 罗伊·哈德 莱勒·罗迪 詹姆斯·特拉佩 马克·阿桑特 艾拉·亨特 夏兰·弗林 米洛·帕克,False
3.8 20,2863,https://img3.doubanio.com/view/photo/s_ratio_poster/public/p2566472233.jpg,True,30289993,动作 犯罪 惊悚,美国,越域重生,https://movie.douban.com/subject/30289993/,2019-08-29,11,1230,3.8,洛克蒙·邓巴 朱珠 林雨申 罗伯特·克耐普 托姆·威廉姆斯 罗伯特·帕特里克 阿莫里·诺拉斯科 安迪·麦肯济 乔迪·琳·欧基菲 约翰·爱德华·李 Stacy Hall,False
3.8 20,2864,https://img9.doubanio.com/view/photo/s_ratio_poster/public/p2541034125.jpg,True,30388339,剧情 动作 古装,中国大陆,狄仁杰之无头神将,https://movie.douban.com/subject/30388339/,2018-11-24,6,1131,3.8,刘屹宸 孙振鹏 周钦霖 王亚斌 李泽宇 潘彦妃,False
3.8 20,2865,https://img1.doubanio.com/view/photo/s_ratio_poster/public/p2236299498.jpg,False,25890330,动作,美国,铁拳2,https://movie.douban.com/subject/25890330/,2014-12-01,5,1104,3.8,尹成植 朱珠 吴嘉龙 佩姆·巴比尔 Thira Chutikul,False
3.7 20,2866,https://img3.doubanio.com/view/photo/s_ratio_poster/public/p2408307430.jpg,True,26389696,喜剧 动作 冒险,中国大陆,大闹天竺,https://movie.douban.com/subject/26389696/,2017-01-28,17,99466,3.7,王宝强 白客 岳云鹏 柳岩 黄渤 林永健 马浴柯 陈佩斯 朱时茂 王祖蓝 刘昊然 米莱纳·克拉韦兹 阿妮塔 什鲁蒂·索地 六小龄童 唐嘉童 维克拉吉特·维尔克,False
3.7 20,2867,https://img1.doubanio.com/view/photo/s_ratio_poster/public/p2523437699.jpg,True,26818314,喜剧 动作,中国大陆,猛虫过江,https://movie.douban.com/subject/26818314/,2018-06-15,19,37587,3.7,小沈阳 潘斌龙 宋芸桦 金士杰 刘桦 胡明 曹瑞 陈惠敏 姚中仁 李立群 苑琼丹 肖央 杨树林 陈汉典 九孔 纳豆 沈春阳 高捷 马浴柯,False
3.7 20,2868,https://img9.doubanio.com/view/photo/s_ratio_poster/public/p2289890876.jpg,True,2310144,动作 冒险 奇幻 科幻 惊悚,美国 中国香港 英国,七龙珠,https://movie.douban.com/subject/2310144/,2009-03-14,30,33158,3.7,贾斯汀·查特文 詹姆斯·马斯特斯 杰米·钟 周润发 埃米·罗森 朴俊亨 田村英里子 姜广涛 小山茉美 石丸博也 理查德·布莱克 小清水亚美 弗雷迪·布齐格 山口胜平 特夏斯·巴特尔 江川央生 甲斐田裕子 伊恩·怀特 矶部勉 朱力安·塞奇威克 大塚芳忠 莎万·柯克西 Rich E. Cordobes 关惠美 路易斯·艾瑞艾塔 斯塔西·奥里斯塔诺 兰德尔·杜克·金 平野绫 埃涅·赫德森 琼·瓦勒拉,False
3.7 20,2869,https://img9.doubanio.com/view/photo/s_ratio_poster/public/p2394867674.jpg,True,26365631,动作 悬疑,中国大陆,冲天火,https://movie.douban.com/subject/26365631/,2016-11-25,13,11819,3.7,吴彦祖 张若昀 张静初 郭采洁 张孝全 樊光耀 黎耀祥 姜皓文 张兆辉 巴图 陈海宁 颜子菲 李宗彥,False
3.7 20,2870,https://img9.doubanio.com/view/photo/s_ratio_poster/public/p2388681695.jpg,True,26628380,动作 科幻 惊悚,俄罗斯,暗杀游戏,https://movie.douban.com/subject/26628380/,2016-10-14,11,6403,3.7,瓦蒂姆·提萨拉提 维奥莱塔·吉特孟斯塔雅 韦尼亚明·斯梅霍夫 维克多·维尔比斯基 娜塔尔雅·卢达娃 瓦谢斯拉夫·拉贝戈耶夫 安德烈·查多夫 尤里·切里辛 奥丽伽·图玛金娜 Karen Badalov 弗塞沃洛德·库兹涅佐夫,False
3.7 20,2871,https://img1.doubanio.com/view/photo/s_ratio_poster/public/p946838519.jpg,True,5355365,动作 奇幻 冒险 家庭,澳大利亚,寻龙夺宝,https://movie.douban.com/subject/5355365/,2011-03-11,6,5325,3.7,山姆·尼尔 陈小春 王姬 罗伯特·马莫内 李林金 路易·科比特,False
3.7 20,2872,https://img3.doubanio.com/view/photo/s_ratio_poster/public/p2391931833.jpg,True,3863845,动作 科幻 冒险,美国,钢铁骑士,https://movie.douban.com/subject/3863845/,2016-11-01,17,3686,3.7,本·温切尔 乔什·布雷纳 玛丽亚·贝罗 安迪·加西亚 安娜·维拉法妮 麦克·道尔 Phillip DeVona 比利·斯洛特 阿·米切尔 Lawrence Kao 布伦特·吉恩蒂尔 Jahnee Wallace 阿维斯·玛丽·巴尼斯 布兰登·拉瑞昆特 Clayton Frey Tim Greene 梅根·海耶斯,False
3.7 20,2873,https://img3.doubanio.com/view/photo/s_ratio_poster/public/p894596893.jpg,True,6013880,剧情 动作,中国大陆 中国香港,蔡李佛,https://movie.douban.com/subject/6013880/,2011-04-02,10,3504,3.7,洪金宝 黄嘉乐 元华 洪天照 小杉健 王佳音 刘永健 杜宇航 庞景峰 李晨熙,False
3.7 20,2874,https://img3.doubanio.com/view/photo/s_ratio_poster/public/p2029198750.jpg,True,4118068,动作,美国 中国大陆,功夫侠,https://movie.douban.com/subject/4118068/,2013-07-19,9,1725,3.7,陈虎 蒋梦婕 瓦妮莎·布兰奇 柴纳·迈克 阿曼·达博 何刚 东方熠 袁祥仁 林雨申,False
3.6 20,2875,https://img1.doubanio.com/view/photo/s_ratio_poster/public/p2529410377.jpg,True,26351812,喜剧 动作 爱情,中国大陆 英国,欧洲攻略,https://movie.douban.com/subject/26351812/,2018-08-17,18,56314,3.6,梁朝伟 吴亦凡 唐嫣 杜鹃 林子祥 华栖龙 雅各布 格拉夫 元秋 刘家勇 罗莽 谢婷婷 周小飞 林德信 陈语安 黎烈弓 杰佳·亚宁 马伯全 雅各布 格拉夫,False
3.6 20,2876,https://img3.doubanio.com/view/photo/s_ratio_poster/public/p2529762680.jpg,True,26309969,剧情 喜剧 动作,中国大陆,新乌龙院之笑闹江湖,https://movie.douban.com/subject/26309969/,2018-08-17,14,17145,3.6,王宁 孔连顺 王智 吴孟达 梁超 郝劭文 张子栋 李欣蕊 张峻豪 今井隆星 宋小宝 曾志伟 叶全真 宋来运,False
3.6 20,2877,https://img1.doubanio.com/view/photo/s_ratio_poster/public/p2508908269.jpg,True,26984538,喜剧 动作,中国大陆 中国香港,卧底巨星,https://movie.douban.com/subject/26984538/,2018-01-12,12,15614,3.6,陈奕迅 李荣浩 李一桐 陈国坤 崔志佳 许绍雄 刘浩龙 田启文 高战 马志威 李聪 林子聪,False
3.6 20,2878,https://img9.doubanio.com/view/photo/s_ratio_poster/public/p2563494916.jpg,True,26367602,动作 奇幻 冒险,中国大陆 俄罗斯,龙牌之谜,https://movie.douban.com/subject/26367602/,2019-08-16,34,13688,3.6,成龙 阿诺·施瓦辛格 杰森·弗莱明 姚星彤 马丽 李彧 刘智福 刘智堂 刘智满 李萌萌 安娜·邱丽娜 尤里·科洛科利尼科夫 巴维尔·沃利亚 克里斯托弗·法里班克 马丁·科勒巴 查尔斯·丹斯 鲁特格尔·哈尔 巴雷特·科茨 伊戈尔·日日金 娜露潘格慕·柴辛 安德烈·梅尔兹利金 维伦·巴比切夫 苼楠塔茬·塔纳潘披散 彼得·拉斐尔森 尼基塔·塔拉索夫 阿列克谢·彼得鲁欣 葵咪莎拉·普碟 安东尼·加瓦德 马蒂厄·雅克 莱安德罗·梅厄·马丁内斯 赵婉瑜 梁新展 李建桥 查雅妮·臣姗卡维,False
3.6 20,2879,https://img1.doubanio.com/view/photo/s_ratio_poster/public/p1227631578.jpg,True,1418770,动作 奇幻 恐怖,加拿大 德国 美国,孤胆义侠,https://movie.douban.com/subject/1418770/,2009-03-20,17,1450,3.6,克里斯蒂安·史莱特 塔拉·雷德 斯蒂芬·多尔夫 弗兰克·C·特纳 奥娜·格奥尔 卡琳·考诺娃 丹尼尔·库德摩尔 马修·沃克 布莱登·佛雷切 约翰·法龙 叶芳华 达伦·萨赫拉维 科维西·阿梅扬 Robert Bruce 麦克·多普德 何松柏 威尔·桑德森,False
3.6 20,2880,https://img9.doubanio.com/view/photo/s_ratio_poster/public/p2545585196.jpg,True,30367746,动作 武侠 古装,中国大陆,人鱼江湖,https://movie.douban.com/subject/30367746/,2019-05-09,5,1288,3.6,朱丽岚 叶小开 何之舟 潘子剑 青琳昊,False
3.5 20,2881,https://img1.doubanio.com/view/photo/s_ratio_poster/public/p2560447448.jpg,True,27155276,喜剧 动作 冒险,中国大陆,素人特工,https://movie.douban.com/subject/27155276/,2019-07-12,12,33320,3.5,王大陆 张榕容 米拉·乔沃维奇 许魏洲 刘美彤 肖战 林雪 大卫·麦金尼斯 鲁诺 陈国坤 周海媚 安得路,False
3.5 20,2882,https://img9.doubanio.com/view/photo/s_ratio_poster/public/p2173427564.jpg,True,4824982,动作 战争 武侠 古装,中国大陆 中国香港,杨门女将之军令如山,https://movie.douban.com/subject/4824982/,2011-11-18,24,21862,3.5,张柏芝 任贤齐 刘晓庆 郑佩佩 周海媚 陈紫函 金巧巧 于娜 大岛由加利 刘冬 赵芊羽 杨紫彤 肖明玉 戈春艳 周小飞 王媞 李静 张绮烟 午马 史梵希 任学海 林威 黄小瑜 王如慧,False
3.5 20,2883,https://img9.doubanio.com/view/photo/s_ratio_poster/public/p2510144625.jpg,True,26612285,动作 冒险,中国大陆 澳大利亚,谜巢,https://movie.douban.com/subject/26612285/,2018-01-19,12,19933,3.5,李冰冰 凯南·鲁兹 吴尊 凯尔希·格兰莫 斯黛芬·道森 瑞恩·约翰逊 肖恩·雅克博森 杰森·庄 蒂姆·德莱克斯 克里斯汀·米洛 克洛依·盖伊 陈芊桦,False
3.5 20,2884,https://img9.doubanio.com/view/photo/s_ratio_poster/public/p2413341026.jpg,True,26691509,喜剧 动作,中国大陆,东北往事之破马张飞,https://movie.douban.com/subject/26691509/,2017-02-03,14,16860,3.5,贾乃亮 马丽 王迅 梁超 于洋 屈菁菁 九孔 刘慧 金士杰 曾志伟 李小璐 贾云馨 柏安 邵老五,False
3.5 20,2885,https://img9.doubanio.com/view/photo/s_ratio_poster/public/p2173238135.jpg,True,25715111,动作 惊悚 灾难,中国大陆,绝命航班,https://movie.douban.com/subject/25715111/,2014-03-21,12,15332,3.5,爱德·维斯特维克 朱珠 艾米丽·桑斯芮 辜承 亚历山大·威特斯 约翰·哈尔夫 江琳琳 伊娜 李晨浩 余思潞 钱迪迪 尹正,False
3.5 20,2886,https://img9.doubanio.com/view/photo/s_ratio_poster/public/p2536557304.jpg,True,27102739,剧情 动作 战争,中国大陆,中国蓝盔,https://movie.douban.com/subject/27102739/,2018-11-23,17,6198,3.5,徐洪浩 一龙 彭凌 沈浩 王韬 聂远 曹凯 王强 郑卫莉 伊莉莎 达丽雅 一二先生 尚 蔡明凯 穆雷克 龙天 Shiteng Peng,False
3.5 20,2887,https://img9.doubanio.com/view/photo/s_ratio_poster/public/p2153758345.jpg,True,6849071,动作 惊悚 冒险,中国大陆,铁血娇娃,https://movie.douban.com/subject/6849071/,2013-11-01,13,4556,3.5,邹兆龙 余男 释彦能 安志杰 潘霜霜 王丹怡栗 史梵希 木幡龙 吴靖萱 吴静一 王秋紫 谈莉娜 任达华,False
3.5 20,2888,https://img1.doubanio.com/view/photo/s_ratio_poster/public/p2156629278.jpg,True,10793499,动作 悬疑,中国大陆,孪生密码,https://movie.douban.com/subject/10793499/,2013-11-08,8,3155,3.5,曹操 杨玉梅 吉飞龙 沈婵娟 孙兴 罗家英 姜皓文 胡洁琼,False
3.5 20,2889,https://img9.doubanio.com/view/photo/s_ratio_poster/public/p2247842585.jpg,True,25864173,喜剧 动作,中国大陆,我是谁2015,https://movie.douban.com/subject/25864173/,2015-06-12,7,2880,3.5,王海祥 姚星彤 张蓝心 于荣光 卢惠光 杨政 何华超,False
3.5 20,2890,https://img9.doubanio.com/view/photo/s_ratio_poster/public/p2270860005.jpg,True,26346888,喜剧 动作 爱情,中国大陆,魔卡行动,https://movie.douban.com/subject/26346888/,2015-10-16,15,1478,3.5,乔任梁 张馨予 任达华 白凯南 陈静 玛丽亚·格拉齐亚·库奇诺塔 蔡宜达 殷樱 阿德里亚诺·吉安尼尼 张大大 张一山 蒋璐霞 何忠霖 聂雅亮 朱广沪,False
3.5 20,2891,https://img3.doubanio.com/view/photo/s_ratio_poster/public/p2321457460.jpg,True,23059934,剧情 喜剧 动作,中国香港,霹雳囧花,https://movie.douban.com/subject/23059934/,2016-02-26,11,1331,3.5,周秀娜 卢颂之 余晓彤 徐天佑 童冰玉 卓韵芝 杜恆霖 刘允 姚家豪 邹凯光 余迪伟,False
3.5 20,2892,https://img9.doubanio.com/view/photo/s_ratio_poster/public/p2570803986.jpg,True,30232732,动作 犯罪 悬疑,中国大陆,侠路相逢,https://movie.douban.com/subject/30232732/,2019-10-18,4,1243,3.5,姜武 邵兵 姚娆 Rao Yao,False
3.5 20,2893,https://img1.doubanio.com/view/photo/s_ratio_poster/public/p2266841307.jpg,True,26611968,动作 恐怖,美国,海豹突击队大战僵尸,https://movie.douban.com/subject/26611968/,2015-10-08,12,1075,3.5,迈克尔·杜迪考夫 瑞克·福克斯 莫莉·哈根 德怀特·亨利 兰斯·E·尼克尔斯 爱德·奎恩 米卡尔·威戈 斯蒂芬妮·奥诺雷 马西莫·多布罗维奇 戴蒙利帕里 贾德·罗德曼 查理·塔尔伯特,False
3.4 20,2894,https://img3.doubanio.com/view/photo/s_ratio_poster/public/p1662369040.jpg,True,6221409,喜剧 动作 爱情,中国大陆 中国香港,河东狮吼2,https://movie.douban.com/subject/6221409/,2012-08-17,12,28700,3.4,张柏芝 小沈阳 赵本山 黄维德 张馨予 何炅 许绍雄 刘羽琦 王玥兮 高艺涵 杨皓宇 吴建飞,False
3.4 20,2895,https://img1.doubanio.com/view/photo/s_ratio_poster/public/p2075536699.jpg,True,20515018,动作 爱情 奇幻 古装,中国大陆,白狐,https://movie.douban.com/subject/20515018/,2013-09-28,11,10177,3.4,钟欣潼 张智霖 惠英红 高虎 游本昌 巩新亮 关智斌 马樱侨 郭明翔 庄洁梦 井凌潇,False
3.4 20,2896,https://img3.doubanio.com/view/photo/s_ratio_poster/public/p2498781930.jpg,False,26426099,动作 犯罪 冒险,中国大陆,极致追击,https://movie.douban.com/subject/26426099/,2017-09-30,12,4160,3.4,奥兰多·布鲁姆 吴磊 任达华 熊黛林 昆凌 梁静 释彦能 英达 常戎 白梓轩 王若溪 易正福,False
3.4 20,2897,https://img9.doubanio.com/view/photo/s_ratio_poster/public/p2593409914.jpg,True,30299099,动作,中国大陆,鬼吹灯之巫峡棺山,https://movie.douban.com/subject/30299099/,2019-05-31,3,3218,3.4,赵左 于心妍 米特,False
3.4 20,2898,https://img9.doubanio.com/view/photo/s_ratio_poster/public/p980935884.jpg,True,4892342,喜剧 动作,中国大陆 中国香港,蔡李佛拳,https://movie.douban.com/subject/4892342/,2011-05-10,10,2751,3.4,王宝强 叶璇 吴孟达 惠英红 黄一飞 熊乃瑾 谢苗 徐少强 柳海龙 黄一山,False
3.4 20,2899,https://img3.doubanio.com/view/photo/s_ratio_poster/public/p2559500023.jpg,True,26827641,喜剧 动作 爱情 犯罪,中国大陆 中国香港,潜行者,https://movie.douban.com/subject/26827641/,2019-06-28,28,1636,3.4,伍允龙 吴建豪 安志杰 谢霆锋 冯文娟 蒋璐霞 赵慧珊 迟帅 孟佳 伦阿兹 吴家丽 邵音音 林雪 陈振华 林琳奇 刘峻纬 王子涵 杨天经 王冠逸 张武孝 杰西卡·C 黄晖翔 温家伟 郭思琳 Linqi Lin 吴云甫 陈彼得 肖恩·蒂尔尼,False
3.4 20,2900,https://img1.doubanio.com/view/photo/s_ratio_poster/public/p2214434439.jpg,True,25852270,动作 悬疑 惊悚 冒险,中国大陆,密道追踪之阴兵虎符,https://movie.douban.com/subject/25852270/,2014-12-05,8,1626,3.4,唐文龙 母其弥雅 李炳渊 李涛 郭达 张山 郭常辉 王胜利,False
3.4 20,2901,https://img9.doubanio.com/view/photo/s_ratio_poster/public/p2564819286.jpg,True,34784798,剧情 喜剧 动作,中国大陆,奉天往事,https://movie.douban.com/subject/34784798/,2019-11-08,4,1305,3.4,周云鹏 刘小光 宋晓峰 田娃,False
3.3 20,2902,https://img1.doubanio.com/view/photo/s_ratio_poster/public/p2380681527.jpg,True,26662192,喜剧 动作 冒险,中国大陆 中国香港,王牌逗王牌,https://movie.douban.com/subject/26662192/,2016-09-30,21,36083,3.3,刘德华 黄晓明 王祖蓝 胡然 欧阳娜娜 谢依霖 沈腾 赵英俊 戚薇 徐冬冬 毛俊杰 吴樾 卢惠光 麦克·里德 韩昕怡 王馨瑶 孙殿龙 郑秀文 冯宝宝 刘嘉玲 狼森,False
3.3 20,2903,https://img1.doubanio.com/view/photo/s_ratio_poster/public/p1158427609.jpg,False,5337532,喜剧 动作 爱情 冒险,中国大陆,无极限之危情速递,https://movie.douban.com/subject/5337532/,2011-08-12,5,8411,3.3,张翰 郑爽 释彦能 吴靖萱 周童童,False
3.3 20,2904,https://img3.doubanio.com/view/photo/s_ratio_poster/public/p2537061691.jpg,True,27008394,剧情 动作,中国大陆,功夫联盟,https://movie.douban.com/subject/27008394/,2018-10-26,12,6162,3.3,赵文卓 安志杰 陈国坤 杜宇航 书亚信 麦迪娜 张子文 何沄伟 飞儿 苑琼丹 梁家仁 梁小龙,False
3.3 20,2905,https://img3.doubanio.com/view/photo/s_ratio_poster/public/p2546253802.jpg,True,26309965,喜剧 动作 悬疑,中国大陆,大侦探霍桑,https://movie.douban.com/subject/26309965/,2019-01-25,13,4668,3.3,韩庚 尹正 张慧雯 刘嘉玲 郭晓东 冯嘉怡 罗家英 王梓轩 于洋 张艺骞 王鑫 李品夆 黄一飞,False
3.3 20,2906,https://img3.doubanio.com/view/photo/s_ratio_poster/public/p2531890522.jpg,True,30306436,动作 冒险,中国大陆,大蛇,https://movie.douban.com/subject/30306436/,2018-09-04,5,2755,3.3,黄凯伦 郑跃 奚美丽 杨永 安峻岐,False
3.3 20,2907,https://img9.doubanio.com/view/photo/s_ratio_poster/public/p2183040676.jpg,True,20284939,动作 惊悚,中国大陆 美国,城市游戏,https://movie.douban.com/subject/20284939/,2014-05-16,8,1889,3.3,窦骁 陈妍希 释小龙 叶青 周韦彤 金俊浩 罗伟 黄柏钧,False
3.3 20,2908,https://img1.doubanio.com/view/photo/s_ratio_poster/public/p2382080217.jpg,True,26765310,动作 动画 奇幻 冒险,中国大陆,铠甲勇士捕王,https://movie.douban.com/subject/26765310/,2016-10-02,10,1267,3.3,赖艺 王畅唱 曲澔濬 于小凌 戴鑫龙 刘俐嘉 贾如 张子夜 王永峰 王鹏轩,False
3.3 20,2909,https://img3.doubanio.com/view/photo/s_ratio_poster/public/p2266880202.jpg,False,2068109,动作,中国香港,功夫无敌,https://movie.douban.com/subject/2068109/,2007-04-27,11,1128,3.3,吴建豪 樊少皇 黄伊汶 林子聪 陈国坤 田启文 梁小龙 张晋 陈永霞 莫美林 王建军,False
3.2 20,2910,https://img9.doubanio.com/view/photo/s_ratio_poster/public/p2542212636.jpg,True,26744597,动作 奇幻 冒险,中国大陆,云南虫谷,https://movie.douban.com/subject/26744597/,2018-12-29,11,39321,3.2,蔡珩 顾璇 于恒 成泰燊 马浴柯 陈雨锶 徐露 张璐瑶 庹宗华 汤志伟 朱云儿,False
3.2 15,2911,https://img3.doubanio.com/view/photo/s_ratio_poster/public/p2524134770.jpg,True,26905469,动作 惊悚,美国 中国大陆,金蝉脱壳2：冥府,https://movie.douban.com/subject/26905469/,2018-06-29,42,37033,3.2,西尔维斯特·史泰龙 黄晓明 戴夫·巴蒂斯塔 杰西·麦特卡尔菲 杰米·金 50分 韦斯·查特姆 唐辰瀛 泰伦·伍德利 泰勒·乔恩·奥尔森 提图斯·维里沃 谢伊·巴克纳 丽迪雅·赫尔 阿什利·库萨托 罗旖凡 罗温·布赛义德 贝莉·柯伦 泽科·扎基 文森特·杨 埃里克·纽纳姆 马克·希克斯 彼特·温兹 奚梦瑶 罗曼·米蒂齐扬 戈登·迈克尔斯 婕咪·埃迪 约瑟夫·布莱克·门泽尔 乔·吉尔希翁 阿方索·A·杰克逊 奥罗拉·卡琳 德方塔·弗里曼 科里·温斯顿 佩里·约翰逊 麦克·里德 瑞恩·牛顿 蒂莫西·米勒 埃里克·本德罗斯 德里克·瑞安·杜克 大卫·邓斯顿 J·麦克罗伊 罗伯特·廷斯利 巴迪·沃特金斯,False
3.2 15,2912,https://img9.doubanio.com/view/photo/s_ratio_poster/public/p2174242324.jpg,True,25723081,动作 爱情,中国大陆,英雄之战,https://movie.douban.com/subject/25723081/,2014-03-21,10,9079,3.2,陆毅 何润东 魏伊 张志康 侯勇 午马 翁虹 林威 李舒燃 章小军,False
3.2 15,2913,https://img1.doubanio.com/view/photo/s_ratio_poster/public/p2110007227.jpg,True,6999256,动作 冒险,中国大陆,帝国秘符,https://movie.douban.com/subject/6999256/,2013-09-18,5,4718,3.2,潘粤明 伊能静 胡可 侯勇 高山流水,False
3.2 15,2914,https://img9.doubanio.com/view/photo/s_ratio_poster/public/p2169953766.jpg,True,24525721,剧情 动作,中国大陆,夺樽,https://movie.douban.com/subject/24525721/,2014-02-28,14,4368,3.2,王洪祥 翁家明 王姬 平安 淳于珊珊 关慧卿 范俊涵 李鹏飞 王彤 李小舟 马文强 健子 范军 郭晨东,False
3.2 20,2915,https://img9.doubanio.com/view/photo/s_ratio_poster/public/p2544885346.jpg,True,30190607,动作 科幻 动画,中国大陆,钢铁飞龙之奥特曼崛起,https://movie.douban.com/subject/30190607/,2019-01-18,0,2374,3.2, ,False
3.2 15,2916,https://img9.doubanio.com/view/photo/s_ratio_poster/public/p681736175.jpg,True,7056769,动作 犯罪,泰国,玩命狙击,https://movie.douban.com/subject/7056769/,2011-12-30,4,1956,3.2,余文乐 乌汶叻公主 查克利·彦纳姆 提拉帕·萨扎顾,False
3.1 15,2917,https://img9.doubanio.com/view/photo/s_ratio_poster/public/p2525586876.jpg,False,26746958,动作 爱情 奇幻,中国大陆,阿修罗,https://movie.douban.com/subject/26746958/,2018-07-13,15,16394,3.1,吴磊 梁家辉 刘嘉玲 张艺上 冯嘉怡 明道 董琦 多布杰 韩聪聪 甘书杰 吉吉·费斯霍尔德 马泰 张浩 凯洱 周泽西,False
3.1 15,2918,https://img3.doubanio.com/view/photo/s_ratio_poster/public/p1654612832.jpg,True,2130529,动作 科幻 冒险,日本 中国台湾 德国 加拿大 美国 英国,拳皇,https://movie.douban.com/subject/2130529/,2012-10-12,10,8199,3.1,李美琪 肖恩·法瑞斯 雷·帕克 叶芳华 李威尹 神奈川宏幸 莫妮卡·甘德顿 廖碧儿 大卫·雷奇 麦克·多普德,False
3.1 15,2919,https://img9.doubanio.com/view/photo/s_ratio_poster/public/p2458368616.jpg,True,26661183,动作 犯罪,中国大陆,抢红,https://movie.douban.com/subject/26661183/,2017-05-19,10,6449,3.1,张涵予 黎明 王耀庆 杜鹃 南伏龙 黄尚禾 吉丽 苍井空 张雨晴 边程,False
3.1 15,2920,https://img3.doubanio.com/view/photo/s_ratio_poster/public/p2323300602.jpg,True,25924268,动作 爱情 武侠 古装,中国大陆,喜乐长安,https://movie.douban.com/subject/25924268/,2016-03-25,15,2821,3.1,张天阳 何泓姗 万仓 金亮 冀书亥 于德江 王连生 时尚 李妮妮 卢庆福源 张刚 王海军 刘頔 吕鹏 蒋承洋,False
3.1 15,2921,https://img9.doubanio.com/view/photo/s_ratio_poster/public/p2510464635.jpg,True,3026402,动作 冒险 奇幻 科幻,美国,史前一亿年,https://movie.douban.com/subject/3026402/,2008-05-22,11,2164,3.1,迈克尔·格罗斯 克里斯托弗斯·阿特金斯 格雷格·艾维甘 Erik Lynch Jeff Bornstein John Karyus 格雷戈里·保罗·史密斯 Eric Spudic 史蒂芬·布莱克哈特 吉奥夫·米德 R. Michael David,False
3.1 15,2922,https://img3.doubanio.com/view/photo/s_ratio_poster/public/p2410278062.jpg,True,26790117,动作 科幻,中国大陆,功夫机器侠,https://movie.douban.com/subject/26790117/,2017-02-01,7,1861,3.1,陈虎 王智 冯伟力 陈剑 赵婉儿 达伦·格罗夫纳 杨哲,False
3.1 15,2923,https://img1.doubanio.com/view/photo/s_ratio_poster/public/p2156339089.jpg,True,19966126,剧情 动作,中国大陆,功夫战斗机,https://movie.douban.com/subject/19966126/,2013-11-15,10,1651,3.1,陈天星 柳海龙 王琳娜 霸易 石林 林威 刘永奇 黄习恒 沙宝龙 刘江波,False
3.1 15,2924,https://img3.doubanio.com/view/photo/s_ratio_poster/public/p2372585223.jpg,True,25912266,动作 犯罪 冒险,中国大陆 美国,终极硬汉,https://movie.douban.com/subject/25912266/,2016-08-19,17,1451,3.1,陈天星 霸易 吕克·本扎 克瓦德沃·季德 吉安·德里克 沃里克·吉尔斯 多哥·巴巴鲁 以色列 刘永奇 于震寰 毛孩 王滢 赖斌斌 刘一鹏 汪雨轩 刘江波 赵淼,False
3.1 15,2925,https://img1.doubanio.com/view/photo/s_ratio_poster/public/p2223184658.jpg,True,26285355,动作 科幻,中国大陆,时光大战,https://movie.douban.com/subject/26285355/,2015-01-30,9,1105,3.1,刘萌萌 李宁 康恩赫 张炜迅 罗光敏 彤阳 杜奕霏 Ning Li 郭晨,False
3.0 15,2926,https://img9.doubanio.com/view/photo/s_ratio_poster/public/p2560169035.jpg,True,26796665,剧情 动作 犯罪,中国香港 中国大陆,九龙不败,https://movie.douban.com/subject/26796665/,2019-07-02,17,7856,3.0,张晋 安德森·席尔瓦 郑嘉颖 刘心悠 邓丽欣 陈钰芸 周国贤 吴岱融 吴耀汉 吴嘉龙 罗孝勇 张松枝 周子扬 廖骏雄 方志驹 黄溢濠 林雪,False
3.0 15,2927,https://img1.doubanio.com/view/photo/s_ratio_poster/public/p2163449169.jpg,True,10756744,动作 惊悚 冒险,英国 中国大陆,史前怪兽,https://movie.douban.com/subject/10756744/,2014-01-01,16,4154,3.0,杜夫·龙格尔 斯科特·阿金斯 黄奕 李承炫 耿乐 詹姆斯·兰斯 莉迪亚·伦纳德 汤姆·奥斯汀 Zhongyou Guo Xu Bo 艾文·科蒂克 穆雷克 David Thomas Jenkins Viktor Sobtchak 保罗·菲利普·克拉克 杨采钰,False
3.0 15,2928,https://img9.doubanio.com/view/photo/s_ratio_poster/public/p1960438876.jpg,False,24525302,动作 科幻,美国,零下100度,https://movie.douban.com/subject/24525302/,2013-04-13,4,1459,3.0,莎拉·玛卢库·莱恩 朱迪特·菲柯特 伊万·卡马拉斯 乔丹·詹姆斯·史密斯,False
3.0 15,2929,https://img3.doubanio.com/view/photo/s_ratio_poster/public/p2523516410.jpg,True,26792481,剧情 喜剧 动作 犯罪,中国香港,江湖有道,https://movie.douban.com/subject/26792481/,2018-06-15,32,1430,3.0,谭咏麟 陈小春 谈善言 伍咏薇 戚美珍 蔡瀚亿 蔡洁 陈百祥 宣萱 卢海鹏 黄一山 胡枫 李思欣 唐贝诗 钱国伟 罗霖 陆诗韵 丁羽 潘源良 黄夏蕙 郑敬基 布志纶 周美凤 和泉素行 邓建明 何颖璇 雷有晖 盛旦华 路芙 郑诗君 陆永 車淑梅,False
2.9 15,2930,https://img1.doubanio.com/view/photo/s_ratio_poster/public/p1978939367.jpg,True,5364905,动作 冒险,中国大陆,天机·富春山居图,https://movie.douban.com/subject/5364905/,2013-06-09,30,104931,2.9,刘德华 林志玲 张静初 佟大为 斯琴高娃 奥马尔·本·哈依德 爱新觉罗·启星 石天琦 王曼妮 张光北 谭松韵 李兰迪 季冠霖 车永莉 彭紫烊 巴哈古丽 魏伊 李宛仪 张恩齐 张磊 骆文博 邹娜 保罗·菲利普·克拉克 骆嘉琦 张珂源 费萨尔·阿尔-萨亚 拉杰夫·达斯瓦尼 胡宁林 田桐 黄雨权,False
2.9 15,2931,https://img9.doubanio.com/view/photo/s_ratio_poster/public/p2366372816.jpg,True,25850122,剧情 动作 奇幻,中国香港 中国大陆,封神传奇,https://movie.douban.com/subject/25850122/,2016-07-29,16,53884,2.9,李连杰 范冰冰 黄晓明 杨颖 古天乐 文章 向佐 梁家辉 祖峰 安志杰 许晴 陈小春 李庆誉 赵芷柠 吴屹桐 王璨,False
2.9 15,2932,https://img1.doubanio.com/view/photo/s_ratio_poster/public/p2175238497.jpg,True,25756355,动作 悬疑,中国大陆,特工艾米拉,https://movie.douban.com/subject/25756355/,2014-04-11,14,8855,2.9,许绍洋 吴靖萱 秦沛 连凯 梁家仁 曹扬 安圣浩 韩素媛 邹兆龙 李健仁 余薇薇 徐鸥仪 于台烟 谭歆柔,False
2.9 15,2933,https://img1.doubanio.com/view/photo/s_ratio_poster/public/p2594050148.jpg,True,33392524,动作 奇幻 冒险,中国大陆,鬼吹灯之龙岭迷窟,https://movie.douban.com/subject/33392524/,2020-04-02,6,6732,2.9,林雨申 康宁 赵雷棋 季东燃 李冲 谢恺予,False
2.9 15,2934,https://img1.doubanio.com/view/photo/s_ratio_poster/public/p2495025258.jpg,True,27104189,动作 历史 战争,美国,敦刻尔克行动,https://movie.douban.com/subject/27104189/,2017-07-03,1,2697,2.9,伊弗兰·梅勒蒂斯,False
2.9 15,2935,https://img3.doubanio.com/view/photo/s_ratio_poster/public/p2376314270.jpg,True,26125842,喜剧 动作,中国大陆,夺路而逃,https://movie.douban.com/subject/26125842/,2016-11-10,5,1766,2.9,张一山 何沄伟 李菁 朴河宣 寇世勋,False
2.9 15,2936,https://img3.doubanio.com/view/photo/s_ratio_poster/public/p621707182.jpg,False,5153061,动作 冒险,美国,泰坦尼克号2,https://movie.douban.com/subject/5153061/,2010-08-24,6,1379,2.9,肖恩·范·戴克 D.C.道格拉斯 Harmony Blossom 迪伦沃克斯 布鲁克·伯恩斯 布鲁斯·戴维森,False
2.9 15,2937,https://img9.doubanio.com/view/photo/s_ratio_poster/public/p1753393174.jpg,True,10583890,动作 武侠 古装,中国大陆,八卦宗师,https://movie.douban.com/subject/10583890/,2012-11-16,14,1143,2.9,欧力豪 谢苗 孙夕尧 梁小龙 刘锡明 熊欣欣 吴文 陈铁军 周青 江岛 王美英 韩佳纹 段亚兰 张春潮,False
2.9 15,2938,https://img9.doubanio.com/view/photo/s_ratio_poster/public/p2591770665.jpg,True,34952297,动作 奇幻 冒险,中国大陆,云南虫谷之献王传说,https://movie.douban.com/subject/34952297/,2020-01-17,4,1058,2.9,何其炜 李俊瑶 杜煜峰 程涛,False
2.8 15,2939,https://img1.doubanio.com/view/photo/s_ratio_poster/public/p2530279878.jpg,False,26331700,动作 战争,中国大陆,大轰炸,https://movie.douban.com/subject/26331700/,2018-10-26,33,9870,2.8,刘烨 布鲁斯·威利斯 宋承宪 陈伟霆 范伟 马苏 车永莉 吴刚 冯远征 张钧甯 耿乐 谢霆锋 范冰冰 陈道明 艾德里安·布洛迪 雷佳 涩谷天马 张帆 任达华 吕良伟 胡兵 黄海冰 拉莫·威利斯 刘晓庆 曹可凡 黄圣依 钟镇涛 爱新觉罗·启星 汪东城 喜利图 李庆誉 蓝波儿 张诣文含,False
2.8 15,2940,https://img9.doubanio.com/view/photo/s_ratio_poster/public/p2365829734.jpg,True,26352361,喜剧 动作,中国香港 中国大陆,宝贝当家,https://movie.douban.com/subject/26352361/,2016-07-29,9,2480,2.8,王诗龄 吴镇宇 杨千嬅 詹瑞文 元秋 甄琪 西蒙子 火星 鲁芬,False
2.8 15,2941,https://img3.doubanio.com/view/photo/s_ratio_poster/public/p2584220571.jpg,True,34954819,动作 冒险 灾难,中国大陆,巨鳄岛,https://movie.douban.com/subject/34954819/,2020-02-04,5,2377,2.8,罗嘉良 廖银玥 王炳翔 胡雪儿 何其炜,False
2.8 15,2942,https://img9.doubanio.com/view/photo/s_ratio_poster/public/p2543973105.jpg,True,30416876,动作 冒险,中国大陆,东海龙棺,https://movie.douban.com/subject/30416876/,2018-12-29,2,1099,2.8,林枫烨 付赫安琪,False
2.7 15,2943,https://img9.doubanio.com/view/photo/s_ratio_poster/public/p1222608005.jpg,True,5285685,喜剧 动作,中国大陆,堵车,https://movie.douban.com/subject/5285685/,2011-10-14,9,1788,2.7,吴镇宇 倪大红 吕丽萍 孙海英 陈志朋 吴俊余 葛思然 巴哈古丽 黄渤,False
2.7 15,2944,https://img3.doubanio.com/view/photo/s_ratio_poster/public/p1830932971.jpg,True,6999296,动作 犯罪,中国大陆,危情营救,https://movie.douban.com/subject/6999296/,2013-01-12,4,1687,2.7,翁家明 王姬 高丽雯 石兆琪,False
2.7 15,2945,https://img9.doubanio.com/view/photo/s_ratio_poster/public/p2578623936.jpg,False,34929638,喜剧 动作 奇幻,中国大陆,火云邪神之修罗面具,https://movie.douban.com/subject/34929638/,2020-01-01,5,1155,2.7,梁小龙 元华 元秋 杨博潇 姿娜,False
2.7 15,2946,https://img3.doubanio.com/view/photo/s_ratio_poster/public/p1440712642.jpg,True,10487203,动作,中国大陆,双截棍,https://movie.douban.com/subject/10487203/,2012-03-02,5,1150,2.7,陈天星 刘江波 刘永奇 刘一鹏 黄腾达,False
2.6 15,2947,https://img9.doubanio.com/view/photo/s_ratio_poster/public/p2537133715.jpg,True,25300674,动作 奇幻,中国大陆 中国香港,冰封侠：时空行者,https://movie.douban.com/subject/25300674/,2018-11-02,15,9797,2.6,甄子丹 黄圣依 王宝强 任达华 喻亢 江疏影 仓田保昭 鲍起静 林雪 庄思敏 胡明 吴俊余 王文绮 陈浩 林慧倩,False
2.6 15,2948,https://img1.doubanio.com/view/photo/s_ratio_poster/public/p2500046429.jpg,True,27045442,动作 科幻 动画,中国大陆,钢铁飞龙之再见奥特曼,https://movie.douban.com/subject/27045442/,2017-10-01,9,4758,2.6,侯勇 大张伟 金晨 曲哲明 向佐 罗云熙 郝劭文 汪铎 屈菁菁,False
2.6 15,2949,https://img9.doubanio.com/view/photo/s_ratio_poster/public/p2258326226.jpg,False,26430099,动作 奇幻 冒险,中国大陆,轩辕剑传奇,https://movie.douban.com/subject/26430099/,2015-08-04,7,1407,2.6,陈龙 蓝盈莹 顾佑明 杨欣 商忆莎 金莞鸿 韩木墩,False
2.4 15,2950,https://img9.doubanio.com/view/photo/s_ratio_poster/public/p2022882774.jpg,False,22964524,剧情 动作,中国大陆,咏春小龙,https://movie.douban.com/subject/22964524/,2013-07-20,8,8935,2.4,元华 王小龙 郑忠 谷尚蔚 胡薇 吕克·本扎 邢思杰 郑晚秋,False
2.3 15,2951,https://img1.doubanio.com/view/photo/s_ratio_poster/public/p883222269.jpg,False,5948595,喜剧 动作 冒险,韩国,西游记归来,https://movie.douban.com/subject/5948595/,2011-02-17,1,1616,2.3,张仁浩,False
